8,16,LR
8,17,LR
8,18,LR
8,20,LR
8,21,LR
8,23,LR
8,24,LR
8,27,LR
8,33,LR
8,34,LR
8,42,LR
8,45,LR
8,46,LR
8,48,LR
8,49,LR
8,50,LR
8,51,LR
8,52,LR
8,53,LR
8,55,LR
8,56,LR
8,61,LR
8,63,LR
8,64,LR
8,65,LR
8,67,LR
8,69,LR
8,71,LR
8,72,LR
8,73,LR
8,74,LR
8,75,LR
8,81,LR
8,82,LR
8,84,LR
8,85,LR
8,87,LR
8,90,LR
8,94,LR
8,95,LR
8,96,LR
8,99,LR
8,101,LR
8,102,LR
8,104,LR
8,106,LR
8,107,LR
8,109,LR
8,110,LR
8,113,LR
8,114,LR
8,117,LR
8,118,LR
8,119,LR
8,120,LR
8,121,LR
8,123,LR
8,124,LR
8,129,LR
8,130,LR
8,131,LR
8,137,LR
8,140,LR
8,143,LR
8,144,LR
8,146,LR
8,148,LR
8,150,LR
8,154,LR
8,156,LR
8,160,LR
8,161,LR
8,164,LR
8,170,LR
16,17,NC
16,33,LR
16,34,LR
16,46,LR
16,49,LR
16,51,LR
16,55,LR
16,64,LR
16,65,LR
16,81,LR
16,82,LR
16,90,LR
16,94,LR
16,96,LR
16,101,LR
16,104,LR
16,107,LR
16,113,LR
16,114,LR
16,119,LR
16,123,LR
16,130,LR
16,131,LR
16,137,LR
16,144,LR
16,146,LR
16,156,LR
16,160,LR
16,170,LR
17,18,LR
17,20,LR
17,21,LR
17,23,LR
17,24,LR
17,27,LR
17,33,LR
17,34,LR
17,42,LR
17,45,LR
17,46,LR
17,48,LR
17,49,LR
17,50,LR
17,51,LR
17,52,LR
17,53,LR
17,55,LR
17,56,LR
17,61,LR
17,63,LR
17,64,LR
17,65,LR
17,67,LR
17,69,LR
17,71,LR
17,72,LR
17,73,LR
17,74,LR
17,75,LR
17,81,LR
17,82,LR
17,84,LR
17,85,LR
17,87,LR
17,90,LR
17,94,LR
17,95,LR
17,96,LR
17,99,LR
17,101,LR
17,102,LR
17,104,LR
17,106,LR
17,107,LR
17,109,LR
17,110,LR
17,113,LR
17,114,LR
17,117,LR
17,118,LR
17,119,LR
17,120,LR
17,121,LR
17,123,LR
17,124,LR
17,129,LR
17,130,LR
17,131,LR
17,137,LR
17,140,LR
17,143,LR
17,144,LR
17,146,LR
17,148,LR
17,150,LR
17,154,LR
17,156,LR
17,160,LR
17,161,LR
17,164,LR
17,170,LR
18,20,LOCAL
18,21,LOCAL
18,23,LOCAL
18,24,LR
18,27,LR
18,33,LOCAL
18,34,WC
18,42,LR
18,45,LR
18,46,LR
18,49,LR
18,50,LR
18,51,LR
18,52,LR
18,53,LR
18,55,LR
18,56,LR
18,63,LR
18,64,LR
18,65,LR
18,69,LR
18,72,LR
18,73,LR
18,74,LR
18,75,LR
18,81,LR
18,82,LR
18,85,LR
18,87,LR
18,90,LR
18,94,LR
18,95,LR
18,96,LR
18,101,LR
18,102,LR
18,104,LR
18,106,LR
18,107,LR
18,110,LR
18,113,LR
18,114,LR
18,117,LR
18,118,LR
18,119,LR
18,120,LR
18,121,LR
18,123,LR
18,130,LR
18,131,LR
18,137,LR
18,140,LR
18,143,LR
18,144,LR
18,146,LR
18,148,LR
18,150,LR
18,154,LR
18,156,LR
18,160,LR
18,164,LR
18,170,LR
20,21,LOCAL
20,23,LOCAL
20,24,LR
20,33,LOCAL
20,34,LOCAL
20,42,LR
20,46,LR
20,49,LR
20,50,LR
20,51,LR
20,52,LR
20,53,LR
20,55,LR
20,56,LR
20,63,LR
20,64,LR
20,65,LR
20,69,LR
20,72,LR
20,73,LR
20,74,LR
20,75,LR
20,81,LR
20,82,LR
20,85,LR
20,90,LR
20,94,LR
20,95,LR
20,96,LR
20,101,LR
20,102,LR
20,104,LR
20,106,LR
20,107,LR
20,110,LR
20,113,LR
20,114,LR
20,119,LR
20,120,LR
20,121,LR
20,123,LR
20,130,LR
20,131,LR
20,137,LR
20,140,LR
20,143,LR
20,144,LR
20,146,LR
20,148,LR
20,154,LR
20,156,LR
20,160,LR
20,170,LR
21,23,LOCAL
21,24,LR
21,27,LR
21,33,LOCAL
21,34,LOCAL
21,42,LR
21,45,LR
21,46,LR
21,49,LR
21,50,LR
21,51,LR
21,52,LR
21,53,LR
21,55,LR
21,56,LR
21,63,LR
21,64,LR
21,65,LR
21,69,LR
21,72,LR
21,73,LR
21,74,LR
21,75,LR
21,81,LR
21,82,LR
21,85,LR
21,87,LR
21,90,LR
21,94,LR
21,95,LR
21,96,LR
21,101,LR
21,102,LR
21,104,LR
21,106,LR
21,107,LR
21,110,LR
21,113,LR
21,114,LR
21,117,LR
21,118,LR
21,119,LR
21,120,LR
21,121,LR
21,123,LR
21,130,LR
21,131,LR
21,137,LR
21,140,LR
21,143,LR
21,144,LR
21,146,LR
21,148,LR
21,150,LR
21,154,LR
21,156,LR
21,160,LR
21,164,LR
21,170,LR
23,24,LOCAL
23,27,LR
23,33,LOCAL
23,34,LOCAL
23,42,LR
23,45,LR
23,46,LR
23,49,LR
23,50,LR
23,51,LR
23,52,LR
23,53,LR
23,55,LR
23,56,LR
23,63,LR
23,64,LR
23,65,LR
23,69,LR
23,72,LR
23,73,LR
23,74,LR
23,75,LR
23,81,LR
23,82,LR
23,85,LR
23,87,LR
23,90,LR
23,94,LR
23,95,LR
23,96,LR
23,101,LR
23,102,LR
23,104,LR
23,106,LR
23,107,LR
23,110,LR
23,113,LR
23,114,LR
23,117,LR
23,118,LR
23,119,LR
23,120,LR
23,121,LR
23,123,LR
23,130,LR
23,131,LR
23,137,LR
23,140,LR
23,143,LR
23,144,LR
23,146,LR
23,148,LR
23,150,LR
23,154,LR
23,156,LR
23,160,LR
23,164,LR
23,170,LR
24,27,NC
24,33,LR
24,34,LR
24,42,LR
24,45,LR
24,46,LR
24,49,LR
24,50,LR
24,51,LR
24,52,LR
24,53,LR
24,55,LR
24,56,LR
24,63,LR
24,64,LR
24,65,LR
24,69,LR
24,72,LR
24,73,LR
24,74,LR
24,75,LR
24,81,LR
24,82,LR
24,85,LR
24,87,LR
24,90,LR
24,94,LR
24,95,LR
24,96,LR
24,101,LR
24,102,LR
24,104,LR
24,106,LR
24,107,LR
24,110,LR
24,113,LR
24,114,LR
24,117,LR
24,118,LR
24,119,LR
24,120,LR
24,121,LR
24,123,LR
24,130,LR
24,131,LR
24,137,LR
24,140,LR
24,143,LR
24,144,LR
24,146,LR
24,148,LR
24,150,LR
24,154,LR
24,156,LR
24,160,LR
24,164,LR
24,170,LR
27,33,LR
27,34,LR
27,42,LR
27,46,LR
27,49,LR
27,50,LR
27,51,LR
27,52,LR
27,53,LR
27,55,LR
27,56,LR
27,58,LR
27,63,LR
27,64,LR
27,65,LR
27,72,LR
27,73,LR
27,74,LR
27,75,LR
27,81,LR
27,82,LR
27,90,LR
27,94,LR
27,95,LR
27,96,LR
27,101,LR
27,102,LR
27,104,LR
27,107,LR
27,110,LR
27,113,LR
27,114,LR
27,119,LR
27,120,LR
27,121,LR
27,123,LR
27,130,LR
27,131,LR
27,137,LR
27,140,LR
27,143,LR
27,144,LR
27,146,LR
27,148,LR
27,156,LR
27,160,LR
27,170,LR
33,34,LOCAL
33,42,LR
33,45,LR
33,46,LR
33,48,LR
33,49,LR
33,50,LR
33,51,LR
33,52,LR
33,53,LR
33,55,LR
33,56,LR
33,61,LR
33,63,LR
33,64,LR
33,65,LR
33,67,LR
33,69,LR
33,71,LR
33,72,LR
33,73,LR
33,74,LR
33,75,LR
33,81,LR
33,82,LR
33,84,LR
33,85,LR
33,87,LR
33,90,LR
33,94,LR
33,95,LR
33,96,LR
33,99,LR
33,101,LR
33,102,LR
33,104,LR
33,106,LR
33,107,LR
33,109,LR
33,110,LR
33,113,LR
33,114,LR
33,117,LR
33,118,LR
33,119,LR
33,120,LR
33,121,LR
33,123,LR
33,124,LR
33,129,LR
33,130,LR
33,131,LR
33,137,LR
33,140,LR
33,143,LR
33,144,LR
33,146,LR
33,148,LR
33,150,LR
33,154,LR
33,156,LR
33,160,LR
33,161,LR
33,164,LR
33,170,LR
34,42,LR
34,45,LR
34,46,LR
34,48,LR
34,49,LR
34,50,LR
34,51,LR
34,52,LR
34,53,LR
34,55,LR
34,56,LR
34,61,LR
34,63,LR
34,64,LR
34,65,LR
34,67,LR
34,69,LR
34,71,LR
34,72,LR
34,73,LR
34,74,LR
34,75,LR
34,81,LR
34,82,LR
34,84,LR
34,85,LR
34,87,LR
34,90,LR
34,94,LR
34,95,LR
34,96,LR
34,99,LR
34,101,LR
34,102,LR
34,104,LR
34,106,LR
34,107,LR
34,109,LR
34,110,LR
34,113,LR
34,114,LR
34,117,LR
34,118,LR
34,119,LR
34,120,LR
34,121,LR
34,123,LR
34,124,LR
34,129,LR
34,130,LR
34,131,LR
34,137,LR
34,140,LR
34,143,LR
34,144,LR
34,146,LR
34,148,LR
34,150,LR
34,154,LR
34,156,LR
34,160,LR
34,161,LR
34,164,LR
34,170,LR
42,45,LR
42,46,LR
42,49,LR
42,50,LR
42,51,LR
42,52,LR
42,53,LR
42,55,LR
42,56,LR
42,63,LR
42,64,LR
42,65,LR
42,69,LR
42,72,LR
42,73,LR
42,74,LR
42,75,LR
42,81,LR
42,82,LR
42,85,LR
42,87,LR
42,90,LR
42,94,LR
42,95,LR
42,96,LR
42,101,LR
42,102,LR
42,104,LR
42,106,LR
42,107,LR
42,110,LR
42,113,LR
42,114,LR
42,117,LR
42,118,LR
42,119,LR
42,120,LR
42,121,LR
42,123,LR
42,130,LOCAL
42,131,LOCAL
42,137,LR
42,140,LR
42,143,LR
42,144,LR
42,146,LR
42,148,LR
42,150,LR
42,154,LR
42,156,LR
42,160,LR
42,164,LR
42,170,LR
45,46,LR
45,49,LR
45,50,LR
45,51,LR
45,52,LR
45,53,LR
45,55,LR
45,56,LR
45,63,LR
45,64,LR
45,65,LR
45,72,LR
45,73,LR
45,74,LR
45,75,LR
45,81,LR
45,82,LR
45,90,LR
45,94,LR
45,95,LR
45,96,LR
45,101,LR
45,102,LR
45,104,LR
45,107,LR
45,110,LR
45,113,LR
45,114,LR
45,119,LR
45,120,LR
45,121,LR
45,123,LR
45,130,LR
45,131,LR
45,137,LR
45,140,LR
45,143,LR
45,144,LR
45,146,LR
45,148,LR
45,156,LR
45,160,LR
45,170,LR
46,48,LOCAL
46,49,LOCAL
46,50,LOCAL
46,51,LOCAL
46,52,LOCAL
46,53,LOCAL
46,55,LOCAL
46,56,LOCAL
46,61,LOCAL
46,63,LOCAL
46,64,LOCAL
46,65,LOCAL
46,67,LR
46,69,LR
46,71,LR
46,72,LR
46,73,LR
46,74,LR
46,75,LR
46,81,LR
46,82,LR
46,84,LR
46,85,LR
46,87,LR
46,90,LR
46,94,LR
46,95,LR
46,96,LR
46,99,LOCAL
46,101,LOCAL
46,102,LOCAL
46,104,LOCAL
46,106,LR
46,107,LR
46,109,LOCAL
46,110,LOCAL
46,113,LOCAL
46,114,LOCAL
46,117,LOCAL
46,118,LOCAL
46,119,LOCAL
46,120,LOCAL
46,121,LOCAL
46,123,LR
46,124,LR
46,129,LR
46,130,LR
46,131,LR
46,137,LR
46,140,LR
46,143,LR
46,144,LR
46,146,LR
46,148,LR
46,150,LR
46,154,LR
46,156,LR
46,160,LR
46,161,LR
46,164,LR
46,170,LR
48,49,LOCAL
48,51,LOCAL
48,55,LOCAL
48,64,LOCAL
48,65,LOCAL
48,81,LR
48,82,LR
48,90,LR
48,94,LR
48,96,LR
48,101,LOCAL
48,104,LOCAL
48,107,LR
48,113,LOCAL
48,114,LOCAL
48,119,LOCAL
48,123,LR
48,130,LR
48,131,LR
48,137,LR
48,144,LR
48,146,LR
48,156,LR
48,160,LR
48,170,LR
49,50,LOCAL
49,51,LOCAL
49,52,LOCAL
49,53,LOCAL
49,55,LOCAL
49,56,LOCAL
49,61,LOCAL
49,63,LOCAL
49,64,LOCAL
49,65,LOCAL
49,67,LR
49,69,LR
49,71,LR
49,72,LR
49,73,LR
49,74,LR
49,75,LR
49,81,LR
49,82,LR
49,84,LR
49,85,LR
49,87,LR
49,90,LR
49,94,LR
49,95,LR
49,96,LR
49,99,LOCAL
49,101,LOCAL
49,102,LOCAL
49,104,LOCAL
49,106,LR
49,107,LR
49,109,LOCAL
49,110,LOCAL
49,113,LOCAL
49,114,LOCAL
49,117,LOCAL
49,118,LOCAL
49,119,WC
49,120,LOCAL
49,121,LOCAL
49,123,LR
49,124,LR
49,129,LR
49,130,LR
49,131,LR
49,137,LR
49,140,LR
49,143,LR
49,144,LR
49,146,LR
49,148,LR
49,150,LR
49,154,LR
49,156,LR
49,160,LR
49,161,LR
49,164,LR
49,170,LR
50,51,LOCAL
50,52,LOCAL
50,53,LOCAL
50,55,LOCAL
50,56,LOCAL
50,63,LOCAL
50,64,LOCAL
50,65,LOCAL
50,69,LR
50,72,LR
50,73,LR
50,74,LR
50,75,LR
50,81,LR
50,82,LR
50,85,LR
50,87,LR
50,90,LR
50,94,LR
50,95,LR
50,96,LR
50,101,LOCAL
50,102,LOCAL
50,104,LOCAL
50,106,LR
50,107,LR
50,110,LOCAL
50,113,LOCAL
50,114,LOCAL
50,117,LOCAL
50,118,WC
50,119,LOCAL
50,120,LOCAL
50,121,LOCAL
50,123,LR
50,130,LR
50,131,LR
50,137,LR
50,140,LR
50,143,LR
50,144,LR
50,146,LR
50,148,LR
50,150,LR
50,154,LR
50,156,LR
50,160,LR
50,164,LR
50,170,LR
51,52,LOCAL
51,53,LOCAL
51,55,LOCAL
51,56,LOCAL
51,61,LOCAL
51,63,LOCAL
51,64,LOCAL
51,65,LOCAL
51,67,LR
51,69,LR
51,71,LR
51,72,LR
51,73,LR
51,74,LR
51,75,LR
51,81,LR
51,82,LR
51,84,LR
51,85,LR
51,87,LR
51,90,LR
51,94,LR
51,95,LR
51,96,LR
51,99,LOCAL
51,101,LOCAL
51,102,LOCAL
51,104,LOCAL
51,106,LR
51,107,LR
51,109,LOCAL
51,110,LOCAL
51,113,LOCAL
51,114,LOCAL
51,117,WC
51,118,LOCAL
51,119,LOCAL
51,120,LOCAL
51,121,LOCAL
51,123,LR
51,124,LR
51,129,LR
51,130,LR
51,131,LR
51,137,LR
51,140,LR
51,143,LR
51,144,LR
51,146,LR
51,148,LR
51,150,LR
51,154,LR
51,156,LR
51,160,LR
51,161,LR
51,164,LR
51,170,LR
52,53,LOCAL
52,55,LOCAL
52,56,LOCAL
52,63,LOCAL
52,64,LOCAL
52,65,LOCAL
52,69,LR
52,72,LR
52,73,LR
52,74,LR
52,75,LR
52,81,LR
52,82,LR
52,85,LR
52,87,LR
52,90,LR
52,94,LR
52,95,LR
52,96,LR
52,101,LOCAL
52,102,LOCAL
52,104,LOCAL
52,106,LR
52,107,LR
52,110,LOCAL
52,113,LOCAL
52,114,LOCAL
52,117,LOCAL
52,118,LOCAL
52,119,LOCAL
52,120,LOCAL
52,121,LOCAL
52,123,LR
52,130,LR
52,131,LR
52,137,LR
52,140,LR
52,143,LR
52,144,LR
52,146,LR
52,148,LR
52,150,LR
52,154,LR
52,156,LR
52,160,LR
52,164,LR
52,170,LR
53,55,LOCAL
53,56,LOCAL
53,63,LOCAL
53,64,LOCAL
53,65,LOCAL
53,69,LR
53,72,LR
53,73,LR
53,74,LR
53,75,LR
53,81,LR
53,82,LR
53,85,LR
53,87,LR
53,90,LR
53,94,LR
53,95,LR
53,96,LR
53,101,LOCAL
53,102,LOCAL
53,104,LOCAL
53,106,LR
53,107,LR
53,110,LOCAL
53,113,LOCAL
53,114,LOCAL
53,117,LOCAL
53,118,LOCAL
53,119,LOCAL
53,120,LOCAL
53,121,LOCAL
53,123,LR
53,130,LR
53,131,LR
53,137,LR
53,140,LR
53,143,LR
53,144,LR
53,146,LR
53,148,LR
53,150,LR
53,154,LR
53,156,LR
53,160,LR
53,164,LR
53,170,LR
55,56,LOCAL
55,61,LOCAL
55,63,LOCAL
55,64,LOCAL
55,65,LOCAL
55,67,LR
55,69,LR
55,71,LR
55,72,LR
55,73,LR
55,74,LR
55,75,LR
55,81,LR
55,82,LR
55,84,LR
55,85,LR
55,87,LR
55,90,LR
55,94,LR
55,95,LR
55,96,LR
55,99,LOCAL
55,101,LOCAL
55,102,LOCAL
55,104,LOCAL
55,106,LR
55,107,LR
55,109,LOCAL
55,110,LOCAL
55,113,WC
55,114,LOCAL
55,117,LOCAL
55,118,LOCAL
55,119,LOCAL
55,120,LOCAL
55,121,LOCAL
55,123,LR
55,124,LR
55,129,LR
55,130,LR
55,131,LR
55,137,LR
55,140,LR
55,143,LR
55,144,LR
55,146,LR
55,148,LR
55,150,LR
55,154,LR
55,156,LR
55,160,LR
55,161,LR
55,164,LR
55,170,LR
56,63,LOCAL
56,64,LOCAL
56,65,LOCAL
56,69,LR
56,72,LR
56,73,LR
56,74,LR
56,75,LR
56,81,LR
56,82,LR
56,85,LR
56,87,LR
56,90,LR
56,94,LR
56,95,LR
56,96,LR
56,101,LOCAL
56,102,LOCAL
56,104,LOCAL
56,106,LR
56,107,LR
56,110,WC
56,113,LOCAL
56,114,LOCAL
56,117,LOCAL
56,118,LOCAL
56,119,LOCAL
56,120,LOCAL
56,121,LOCAL
56,123,LR
56,130,LR
56,131,LR
56,137,LR
56,140,LR
56,143,LR
56,144,LR
56,146,LR
56,148,LR
56,150,LR
56,154,LR
56,156,LR
56,160,LR
56,164,LR
56,170,LR
61,64,LOCAL
61,65,LOCAL
61,81,LR
61,82,LR
61,90,LR
61,94,LR
61,96,LR
61,101,LOCAL
61,104,LOCAL
61,107,LR
61,113,LOCAL
61,114,LOCAL
61,119,LOCAL
61,123,LR
61,130,LR
61,131,LR
61,137,LR
61,144,LR
61,146,LR
61,156,LR
61,160,LR
61,170,LR
63,64,LOCAL
63,65,LOCAL
63,69,LR
63,72,LR
63,73,LR
63,74,LR
63,75,LR
63,81,LR
63,82,LR
63,85,LR
63,87,LR
63,90,LR
63,94,LR
63,95,LR
63,96,LR
63,101,WC
63,102,LOCAL
63,104,LOCAL
63,106,LR
63,107,LR
63,110,LOCAL
63,113,LOCAL
63,114,LOCAL
63,117,LOCAL
63,118,LOCAL
63,119,LOCAL
63,120,LOCAL
63,121,LOCAL
63,123,LR
63,130,LR
63,131,LR
63,137,LR
63,140,LR
63,143,LR
63,144,LR
63,146,LR
63,148,LR
63,150,LR
63,154,LR
63,156,LR
63,160,LR
63,164,LR
63,170,LR
64,65,LOCAL
64,67,LR
64,69,LR
64,71,LR
64,72,LR
64,73,LR
64,74,LR
64,75,LR
64,81,LR
64,82,LR
64,84,LR
64,85,LR
64,87,LR
64,90,LR
64,94,LR
64,95,LR
64,96,LR
64,99,LOCAL
64,101,LOCAL
64,102,LOCAL
64,104,LOCAL
64,106,LR
64,107,LR
64,109,LOCAL
64,110,LOCAL
64,113,LOCAL
64,114,LOCAL
64,117,LOCAL
64,118,LOCAL
64,119,LOCAL
64,120,LOCAL
64,121,LOCAL
64,123,LR
64,124,LR
64,129,LR
64,130,LR
64,131,LR
64,137,LR
64,140,LR
64,143,LR
64,144,LR
64,146,LR
64,148,LR
64,150,LR
64,154,LR
64,156,LR
64,160,LR
64,161,LR
64,164,LR
64,170,LR
65,67,LR
65,69,LR
65,71,LR
65,72,LR
65,73,LR
65,74,LR
65,75,LR
65,81,LR
65,82,LR
65,84,LR
65,85,LR
65,87,LR
65,90,LR
65,94,LR
65,95,LR
65,96,LR
65,99,WC
65,101,LOCAL
65,102,LOCAL
65,104,LOCAL
65,106,LR
65,107,LR
65,109,LOCAL
65,110,LOCAL
65,113,LOCAL
65,114,LOCAL
65,117,LOCAL
65,118,LOCAL
65,119,LOCAL
65,120,LOCAL
65,121,LOCAL
65,123,LR
65,124,LR
65,129,LR
65,130,LR
65,131,LR
65,137,LR
65,140,LR
65,143,LR
65,144,LR
65,146,LR
65,148,LR
65,150,LR
65,154,LR
65,156,LR
65,160,LR
65,161,LR
65,164,LR
65,170,LR
67,81,LR
67,82,LR
67,90,LR
67,94,LR
67,96,LR
67,101,LR
67,104,LR
67,107,LR
67,113,LR
67,114,LR
67,119,LR
67,123,LR
67,130,LR
67,131,LR
67,137,LR
67,144,LR
67,146,LR
67,156,LR
67,160,LR
67,170,LR
69,72,LR
69,73,LR
69,74,LR
69,75,LR
69,81,LR
69,82,LR
69,85,LR
69,90,LR
69,94,LR
69,95,LR
69,96,LR
69,101,LR
69,102,LR
69,104,LR
69,106,LR
69,107,LR
69,110,LR
69,113,LR
69,114,LR
69,119,LR
69,120,LR
69,121,LR
69,123,LR
69,130,LR
69,131,LR
69,137,LR
69,140,LR
69,143,LR
69,144,LR
69,146,LR
69,148,LR
69,154,LR
69,156,LR
69,160,LR
69,170,LR
71,81,LR
71,82,LR
71,90,LR
71,94,LOCAL
71,96,LOCAL
71,101,LR
71,104,LR
71,107,LR
71,113,LR
71,114,LR
71,119,LR
71,123,LR
71,130,LR
71,131,LR
71,137,LR
71,144,LR
71,146,LR
71,156,LR
71,160,LR
71,170,LR
72,73,LOCAL
72,74,LOCAL
72,75,LOCAL
72,81,LR
72,82,LR
72,85,LR
72,87,LR
72,90,LR
72,94,LOCAL
72,95,LOCAL
72,96,LOCAL
72,101,LR
72,102,LR
72,104,LR
72,106,LR
72,107,LR
72,110,LR
72,113,LR
72,114,LR
72,117,LR
72,118,LR
72,119,LR
72,120,LR
72,121,LR
72,123,LR
72,130,LR
72,131,LR
72,137,LR
72,140,LR
72,143,LR
72,144,LR
72,146,LR
72,148,LR
72,150,LR
72,154,LR
72,156,LR
72,160,LR
72,164,LR
72,170,LR
73,74,LOCAL
73,75,LOCAL
73,81,LR
73,82,LR
73,85,LR
73,87,LR
73,90,LR
73,94,LOCAL
73,95,LOCAL
73,96,WC
73,101,LR
73,102,LR
73,104,LR
73,106,LR
73,107,LR
73,110,LR
73,113,LR
73,114,LR
73,117,LR
73,118,LR
73,119,LR
73,120,LR
73,121,LR
73,123,LR
73,130,LR
73,131,LR
73,137,LR
73,140,LR
73,143,LR
73,144,LR
73,146,LR
73,148,LR
73,150,LR
73,154,LR
73,156,LR
73,160,LR
73,164,LR
73,170,LR
74,75,LOCAL
74,81,LR
74,82,LR
74,85,LR
74,87,LR
74,90,LR
74,94,LOCAL
74,95,WC
74,96,LOCAL
74,101,LR
74,102,LR
74,104,LR
74,106,LR
74,107,LR
74,110,LR
74,113,LR
74,114,LR
74,117,LR
74,118,LR
74,119,LR
74,120,LR
74,121,LR
74,123,LR
74,130,LR
74,131,LR
74,137,LR
74,140,LR
74,143,LR
74,144,LR
74,146,LR
74,148,LR
74,150,LR
74,154,LR
74,156,LR
74,160,LR
74,164,LR
74,170,LR
75,81,LR
75,82,LR
75,85,LR
75,87,LR
75,90,LR
75,94,WC
75,95,LOCAL
75,96,LOCAL
75,101,LR
75,102,LR
75,104,LR
75,106,LR
75,107,LR
75,110,LR
75,113,LR
75,114,LR
75,117,LR
75,118,LR
75,119,LR
75,120,LR
75,121,LR
75,123,LR
75,130,LR
75,131,LR
75,137,LR
75,140,LR
75,143,LR
75,144,LR
75,146,LR
75,148,LR
75,150,LR
75,154,LR
75,156,LR
75,160,LR
75,164,LR
75,170,LR
81,82,LOCAL
81,84,LR
81,85,LR
81,87,LOCAL
81,90,LOCAL
81,94,LR
81,95,LR
81,96,LR
81,99,LR
81,101,LR
81,102,LR
81,104,LR
81,106,LR
81,107,LR
81,109,LR
81,110,LR
81,113,LR
81,114,LR
81,117,LR
81,118,LR
81,119,LR
81,120,LR
81,121,LR
81,123,LR
81,124,LR
81,129,LR
81,130,LR
81,131,LR
81,137,LR
81,140,LR
81,143,LR
81,144,LR
81,146,LR
81,148,LR
81,150,LR
81,154,LR
81,156,LR
81,160,LR
81,161,LR
81,164,LR
81,170,LR
82,84,LR
82,85,LR
82,87,WC
82,90,LOCAL
82,94,LR
82,95,LR
82,96,LR
82,99,LR
82,101,LR
82,102,LR
82,104,LR
82,106,LR
82,107,LR
82,109,LR
82,110,LR
82,113,LR
82,114,LR
82,117,LR
82,118,LR
82,119,LR
82,120,LR
82,121,LR
82,123,LR
82,124,LR
82,129,LR
82,130,LR
82,131,LR
82,137,LR
82,140,LR
82,143,LR
82,144,LR
82,146,LR
82,148,LR
82,150,LR
82,154,LR
82,156,LR
82,160,LR
82,161,LR
82,164,LR
82,170,LR
84,90,LR
84,94,LR
84,96,LR
84,101,LR
84,104,LR
84,107,LR
84,113,LR
84,114,LR
84,119,LR
84,123,LR
84,130,LR
84,131,LR
84,137,LR
84,144,LR
84,146,LR
84,156,LR
84,160,LR
84,170,LR
85,90,LR
85,94,LR
85,95,LR
85,96,LR
85,101,LR
85,102,LR
85,104,LR
85,106,LR
85,107,LR
85,110,LR
85,113,LR
85,114,LR
85,119,LR
85,120,LR
85,121,LR
85,123,LR
85,130,LR
85,131,LR
85,137,LR
85,140,LR
85,143,LR
85,144,LR
85,146,LR
85,148,LR
85,154,LR
85,156,LR
85,160,LR
85,170,LR
87,90,LOCAL
87,94,LR
87,95,LR
87,96,LR
87,101,LR
87,102,LR
87,104,LR
87,107,LR
87,110,LR
87,113,LR
87,114,LR
87,119,LR
87,120,LR
87,121,LR
87,123,LR
87,130,LR
87,131,LR
87,137,LR
87,140,LR
87,143,LR
87,144,LR
87,146,LR
87,148,LR
87,156,LR
87,160,LR
87,170,LR
90,94,LR
90,95,LR
90,96,LR
90,99,LR
90,101,LR
90,102,LR
90,104,LR
90,106,LR
90,107,LR
90,109,LR
90,110,LR
90,113,LR
90,114,LR
90,117,LR
90,118,LR
90,119,LR
90,120,LR
90,121,LR
90,123,LR
90,124,LR
90,129,LR
90,130,LR
90,131,LR
90,137,LR
90,140,LR
90,143,LR
90,144,LR
90,146,LR
90,148,LR
90,150,LR
90,154,LR
90,156,LR
90,160,LR
90,161,LR
90,164,LR
90,170,LR
94,95,LOCAL
94,96,LOCAL
94,99,LR
94,101,LR
94,102,LR
94,104,LR
94,106,LR
94,107,LR
94,109,LR
94,110,LR
94,113,LR
94,114,LR
94,117,LR
94,118,LR
94,119,LR
94,120,LR
94,121,LR
94,123,LR
94,124,LR
94,129,LR
94,130,LR
94,131,LR
94,137,LR
94,140,LR
94,143,LR
94,144,LR
94,146,LR
94,148,LR
94,150,LR
94,154,LR
94,156,LR
94,160,LR
94,161,LR
94,164,LR
94,170,LR
95,96,LOCAL
95,101,LR
95,102,LR
95,104,LR
95,106,LR
95,107,LR
95,110,LR
95,113,LR
95,114,LR
95,117,LR
95,118,LR
95,119,LR
95,120,LR
95,121,LR
95,123,LR
95,130,LR
95,131,LR
95,137,LR
95,140,LR
95,143,LR
95,144,LR
95,146,LR
95,148,LR
95,150,LR
95,154,LR
95,156,LR
95,160,LR
95,164,LR
95,170,LR
96,99,LR
96,101,LR
96,102,LR
96,104,LR
96,106,LR
96,107,LR
96,109,LR
96,110,LR
96,113,LR
96,114,LR
96,117,LR
96,118,LR
96,119,LR
96,120,LR
96,121,LR
96,123,LR
96,124,LR
96,129,LR
96,130,LR
96,131,LR
96,137,LR
96,140,LR
96,143,LR
96,144,LR
96,146,LR
96,148,LR
96,150,LR
96,154,LR
96,156,LR
96,160,LR
96,161,LR
96,164,LR
96,170,LR
99,101,LOCAL
99,104,LOCAL
99,107,LR
99,113,LOCAL
99,114,LOCAL
99,119,LOCAL
99,123,LR
99,130,LR
99,131,LR
99,137,LR
99,144,LR
99,146,LR
99,156,LR
99,160,LR
99,170,LR
101,102,LOCAL
101,104,LOCAL
101,106,LR
101,107,LR
101,109,LOCAL
101,110,LOCAL
101,113,LOCAL
101,114,LOCAL
101,117,LOCAL
101,118,LOCAL
101,119,LOCAL
101,120,LOCAL
101,121,LOCAL
101,123,LR
101,124,LR
101,129,LR
101,130,LR
101,131,LR
101,137,LR
101,140,LR
101,143,LR
101,144,LR
101,146,LR
101,148,LR
101,150,LR
101,154,LR
101,156,LR
101,160,LR
101,161,LR
101,164,LR
101,170,LR
102,104,LOCAL
102,106,LR
102,107,LR
102,110,LOCAL
102,113,LOCAL
102,114,LOCAL
102,117,LOCAL
102,118,LOCAL
102,119,LOCAL
102,120,LOCAL
102,121,LOCAL
102,123,LR
102,130,LR
102,131,LR
102,137,LR
102,140,LR
102,143,LR
102,144,LR
102,146,LR
102,148,LR
102,150,LR
102,154,LR
102,156,LR
102,160,LR
102,164,LR
102,170,LR
104,106,LR
104,107,LR
104,109,LOCAL
104,110,LOCAL
104,113,LOCAL
104,114,LOCAL
104,117,LOCAL
104,118,LOCAL
104,119,LOCAL
104,120,LOCAL
104,121,LOCAL
104,123,LR
104,124,LR
104,129,LR
104,130,LR
104,131,LR
104,137,LR
104,140,LR
104,143,LR
104,144,LR
104,146,LR
104,148,LR
104,150,LR
104,154,LR
104,156,LR
104,160,LR
104,161,LR
104,164,LR
104,170,LR
106,107,NC
106,110,LR
106,113,LR
106,114,LR
106,119,LR
106,120,LR
106,121,LR
106,123,LR
106,130,LR
106,131,LR
106,137,LR
106,140,LR
106,143,LR
106,144,LR
106,146,LR
106,148,LR
106,154,LR
106,156,LR
106,160,LR
106,170,LR
107,109,LR
107,110,LR
107,113,LR
107,114,LR
107,117,LR
107,118,LR
107,119,LR
107,120,LR
107,121,LR
107,123,LR
107,124,LR
107,129,LR
107,130,LR
107,131,LR
107,137,LR
107,140,LR
107,143,LR
107,144,LR
107,146,LR
107,148,LR
107,150,LR
107,154,LR
107,156,LR
107,160,LR
107,161,LR
107,164,LR
107,170,LR
109,113,LOCAL
109,114,LOCAL
109,119,LOCAL
109,123,LR
109,130,LR
109,131,LR
109,137,LR
109,144,LR
109,146,LR
109,156,LR
109,160,LR
109,170,LR
110,113,LOCAL
110,114,LOCAL
110,117,LOCAL
110,118,LOCAL
110,119,LOCAL
110,120,LOCAL
110,121,LOCAL
110,123,LR
110,130,LR
110,131,LR
110,137,LR
110,140,LR
110,143,LR
110,144,LR
110,146,LR
110,148,LR
110,150,LR
110,154,LR
110,156,LR
110,160,LR
110,164,LR
110,170,LR
111,112,NC
113,114,LOCAL
113,117,LOCAL
113,118,LOCAL
113,119,LOCAL
113,120,LOCAL
113,121,LOCAL
113,123,LR
113,124,LR
113,129,LR
113,130,LR
113,131,LR
113,137,LR
113,140,LR
113,143,LR
113,144,LR
113,146,LR
113,148,LR
113,150,LR
113,154,LR
113,156,LR
113,160,LR
113,161,LR
113,164,LR
113,170,LR
114,117,LOCAL
114,118,LOCAL
114,119,LOCAL
114,120,LOCAL
114,121,LOCAL
114,123,LR
114,124,LR
114,129,LR
114,130,LR
114,131,LR
114,137,LR
114,140,LR
114,143,LR
114,144,LR
114,146,LR
114,148,LR
114,150,LR
114,154,LR
114,156,LR
114,160,LR
114,161,LR
114,164,LR
114,170,LR
117,119,LOCAL
117,120,LOCAL
117,121,LOCAL
117,123,LR
117,130,LR
117,131,LR
117,137,LR
117,140,LR
117,143,LR
117,144,LR
117,146,LR
117,148,LR
117,156,LR
117,160,LR
117,170,LR
118,119,LOCAL
118,120,LOCAL
118,121,LOCAL
118,123,LR
118,130,LR
118,131,LR
118,137,LR
118,140,LR
118,143,LR
118,144,LR
118,146,LR
118,148,LR
118,156,LR
118,160,LR
118,170,LR
119,120,LOCAL
119,121,LOCAL
119,123,LR
119,124,LR
119,129,LR
119,130,LR
119,131,LR
119,137,LR
119,140,LR
119,143,LR
119,144,LR
119,146,LR
119,148,LR
119,150,LR
119,154,LR
119,156,LR
119,160,LR
119,161,LR
119,164,LR
119,170,LR
120,121,LOCAL
120,123,LR
120,130,LR
120,131,LR
120,137,LR
120,140,LR
120,143,LR
120,144,LR
120,146,LR
120,148,LR
120,150,LR
120,154,LR
120,156,LR
120,160,LR
120,164,LR
120,170,LR
121,123,LR
121,130,LR
121,131,LR
121,137,LR
121,140,LR
121,143,LR
121,144,LR
121,146,LR
121,148,LR
121,150,LR
121,154,LR
121,156,LR
121,160,LR
121,164,LR
121,170,LR
123,124,NC
123,129,LR
123,130,LR
123,131,LR
123,137,LR
123,140,LR
123,143,LR
123,144,LR
123,146,LR
123,148,LR
123,150,LR
123,154,LR
123,156,LR
123,160,LR
123,161,LR
123,164,LR
123,170,LR
124,130,LR
124,131,LR
124,137,LR
124,144,LR
124,146,LR
124,156,LR
124,160,LR
124,170,LR
129,130,LOCAL
129,131,LOCAL
129,137,LR
129,144,LR
129,146,LR
129,156,LR
129,160,LR
129,170,LR
130,131,LOCAL
130,137,LR
130,140,LR
130,143,LR
130,144,LR
130,146,LR
130,148,LR
130,150,LR
130,154,LR
130,156,LR
130,160,LR
130,161,LR
130,164,LR
130,170,LR
131,137,LR
131,140,LR
131,143,LR
131,144,LR
131,146,LR
131,148,LR
131,150,LR
131,154,LR
131,156,LR
131,160,LR
131,161,LR
131,164,LR
131,170,LR
137,140,LOCAL
137,143,LR
137,144,LR
137,146,LOCAL
137,148,LOCAL
137,150,LOCAL
137,154,LR
137,156,LR
137,160,LR
137,161,LR
137,164,LR
137,170,LR
140,143,LR
140,144,LR
140,146,WC
140,148,LOCAL
140,150,LOCAL
140,154,LR
140,156,LR
140,160,LR
140,164,LR
140,170,LR
143,144,NC
143,146,LR
143,148,LR
143,150,LR
143,154,LR
143,156,LR
143,160,LR
143,164,LR
143,170,LR
144,146,LR
144,148,LR
144,150,LR
144,154,LR
144,156,LR
144,160,LR
144,161,LR
144,164,LR
144,170,LR
146,148,LOCAL
146,150,LOCAL
146,154,LR
146,156,LR
146,160,LR
146,161,LR
146,164,LR
146,170,LR
148,150,LOCAL
148,154,LR
148,156,LR
148,160,LR
148,164,LR
148,170,LR
150,156,LR
150,160,LR
150,170,LR
154,156,NC
154,160,NC
154,170,NC
156,160,NC
156,161,NC
156,164,NC
156,170,NC
160,161,NC
160,164,NC
160,170,NC
161,170,NC
164,170,NC
