i,j,chisq,a,b,c,d
8,16,21.3908,786,1,9,0
8,17,198.5,794,1,1,0
8,18,98.8748,793,1,2,0
8,20,65.6668,792,1,3,0
8,21,98.8748,793,1,2,0
8,23,98.8748,793,1,2,0
8,24,98.8748,793,1,2,0
8,27,49.0629,791,1,4,0
8,33,198.5,794,1,1,0
8,34,198.5,794,1,1,0
8,42,98.8748,793,1,2,0
8,45,49.0629,791,1,4,0
8,46,198.5,794,1,1,0
8,48,32.4593,789,1,6,0
8,49,198.5,794,1,1,0
8,50,98.8748,793,1,2,0
8,51,198.5,794,1,1,0
8,52,98.8748,793,1,2,0
8,53,98.8748,793,1,2,0
8,55,198.5,794,1,1,0
8,56,98.8748,793,1,2,0
8,61,27.7156,788,1,7,0
8,63,98.8748,793,1,2,0
8,64,198.5,794,1,1,0
8,65,198.5,794,1,1,0
8,67,32.4593,789,1,6,0
8,69,65.6668,792,1,3,0
8,71,24.1579,787,1,8,0
8,72,98.8748,793,1,2,0
8,73,98.8748,793,1,2,0
8,74,98.8748,793,1,2,0
8,75,98.8748,793,1,2,0
8,81,198.5,794,1,1,0
8,82,198.5,794,1,1,0
8,84,39.1007,790,1,5,0
8,85,65.6668,792,1,3,0
8,87,49.0629,791,1,4,0
8,90,198.5,794,1,1,0
8,94,198.5,794,1,1,0
8,95,98.8748,793,1,2,0
8,96,198.5,794,1,1,0
8,99,32.4593,789,1,6,0
8,101,198.5,794,1,1,0
8,102,98.8748,793,1,2,0
8,104,198.5,794,1,1,0
8,106,65.6668,792,1,3,0
8,107,198.5,794,1,1,0
8,109,39.1007,790,1,5,0
8,110,98.8748,793,1,2,0
8,113,198.5,794,1,1,0
8,114,198.5,794,1,1,0
8,117,49.0629,791,1,4,0
8,118,49.0629,791,1,4,0
8,119,198.5,794,1,1,0
8,120,98.8748,793,1,2,0
8,121,98.8748,793,1,2,0
8,123,198.5,794,1,1,0
8,124,32.4593,789,1,6,0
8,129,32.4593,789,1,6,0
8,130,198.5,794,1,1,0
8,131,198.5,794,1,1,0
8,137,198.5,794,1,1,0
8,140,98.8748,793,1,2,0
8,143,98.8748,793,1,2,0
8,144,198.5,794,1,1,0
8,146,198.5,794,1,1,0
8,148,98.8748,793,1,2,0
8,150,49.0629,791,1,4,0
8,154,65.6668,792,1,3,0
8,156,198.5,794,1,1,0
8,160,198.5,794,1,1,0
8,161,24.1579,787,1,8,0
8,164,49.0629,791,1,4,0
8,170,198.5,794,1,1,0
16,17,21.3908,786,9,1,0
16,33,21.3908,786,9,1,0
16,34,21.3908,786,9,1,0
16,46,21.3908,786,9,1,0
16,49,21.3908,786,9,1,0
16,51,21.3908,786,9,1,0
16,55,21.3908,786,9,1,0
16,64,21.3908,786,9,1,0
16,65,21.3908,786,9,1,0
16,81,21.3908,786,9,1,0
16,82,21.3908,786,9,1,0
16,90,21.3908,786,9,1,0
16,94,21.3908,786,9,1,0
16,96,21.3908,786,9,1,0
16,101,21.3908,786,9,1,0
16,104,21.3908,786,9,1,0
16,107,21.3908,786,9,1,0
16,113,21.3908,786,9,1,0
16,114,21.3908,786,9,1,0
16,119,21.3908,786,9,1,0
16,123,21.3908,786,9,1,0
16,130,21.3908,786,9,1,0
16,131,21.3908,786,9,1,0
16,137,21.3908,786,9,1,0
16,144,21.3908,786,9,1,0
16,146,21.3908,786,9,1,0
16,156,21.3908,786,9,1,0
16,160,21.3908,786,9,1,0
16,170,21.3908,786,9,1,0
17,18,98.8748,793,1,2,0
17,20,65.6668,792,1,3,0
17,21,98.8748,793,1,2,0
17,23,98.8748,793,1,2,0
17,24,98.8748,793,1,2,0
17,27,49.0629,791,1,4,0
17,33,198.5,794,1,1,0
17,34,198.5,794,1,1,0
17,42,98.8748,793,1,2,0
17,45,49.0629,791,1,4,0
17,46,198.5,794,1,1,0
17,48,32.4593,789,1,6,0
17,49,198.5,794,1,1,0
17,50,98.8748,793,1,2,0
17,51,198.5,794,1,1,0
17,52,98.8748,793,1,2,0
17,53,98.8748,793,1,2,0
17,55,198.5,794,1,1,0
17,56,98.8748,793,1,2,0
17,61,27.7156,788,1,7,0
17,63,98.8748,793,1,2,0
17,64,198.5,794,1,1,0
17,65,198.5,794,1,1,0
17,67,32.4593,789,1,6,0
17,69,65.6668,792,1,3,0
17,71,24.1579,787,1,8,0
17,72,98.8748,793,1,2,0
17,73,98.8748,793,1,2,0
17,74,98.8748,793,1,2,0
17,75,98.8748,793,1,2,0
17,81,198.5,794,1,1,0
17,82,198.5,794,1,1,0
17,84,39.1007,790,1,5,0
17,85,65.6668,792,1,3,0
17,87,49.0629,791,1,4,0
17,90,198.5,794,1,1,0
17,94,198.5,794,1,1,0
17,95,98.8748,793,1,2,0
17,96,198.5,794,1,1,0
17,99,32.4593,789,1,6,0
17,101,198.5,794,1,1,0
17,102,98.8748,793,1,2,0
17,104,198.5,794,1,1,0
17,106,65.6668,792,1,3,0
17,107,198.5,794,1,1,0
17,109,39.1007,790,1,5,0
17,110,98.8748,793,1,2,0
17,113,198.5,794,1,1,0
17,114,198.5,794,1,1,0
17,117,49.0629,791,1,4,0
17,118,49.0629,791,1,4,0
17,119,198.5,794,1,1,0
17,120,98.8748,793,1,2,0
17,121,98.8748,793,1,2,0
17,123,198.5,794,1,1,0
17,124,32.4593,789,1,6,0
17,129,32.4593,789,1,6,0
17,130,198.5,794,1,1,0
17,131,198.5,794,1,1,0
17,137,198.5,794,1,1,0
17,140,98.8748,793,1,2,0
17,143,98.8748,793,1,2,0
17,144,198.5,794,1,1,0
17,146,198.5,794,1,1,0
17,148,98.8748,793,1,2,0
17,150,49.0629,791,1,4,0
17,154,65.6668,792,1,3,0
17,156,198.5,794,1,1,0
17,160,198.5,794,1,1,0
17,161,24.1579,787,1,8,0
17,164,49.0629,791,1,4,0
17,170,198.5,794,1,1,0
18,20,32.3773,791,2,3,0
18,21,49.0009,792,2,2,0
18,23,49.0009,792,2,2,0
18,24,49.0009,792,2,2,0
18,27,24.0661,790,2,4,0
18,33,98.8748,793,2,1,0
18,34,98.8748,793,2,1,0
18,42,49.0009,792,2,2,0
18,45,24.0661,790,2,4,0
18,46,98.8748,793,2,1,0
18,49,98.8748,793,2,1,0
18,50,49.0009,792,2,2,0
18,51,98.8748,793,2,1,0
18,52,49.0009,792,2,2,0
18,53,49.0009,792,2,2,0
18,55,98.8748,793,2,1,0
18,56,49.0009,792,2,2,0
18,63,49.0009,792,2,2,0
18,64,98.8748,793,2,1,0
18,65,98.8748,793,2,1,0
18,69,32.3773,791,2,3,0
18,72,49.0009,792,2,2,0
18,73,49.0009,792,2,2,0
18,74,49.0009,792,2,2,0
18,75,49.0009,792,2,2,0
18,81,98.8748,793,2,1,0
18,82,98.8748,793,2,1,0
18,85,32.3773,791,2,3,0
18,87,24.0661,790,2,4,0
18,90,98.8748,793,2,1,0
18,94,98.8748,793,2,1,0
18,95,49.0009,792,2,2,0
18,96,98.8748,793,2,1,0
18,101,98.8748,793,2,1,0
18,102,49.0009,792,2,2,0
18,104,98.8748,793,2,1,0
18,106,32.3773,791,2,3,0
18,107,98.8748,793,2,1,0
18,110,49.0009,792,2,2,0
18,113,98.8748,793,2,1,0
18,114,98.8748,793,2,1,0
18,117,24.0661,790,2,4,0
18,118,24.0661,790,2,4,0
18,119,98.8748,793,2,1,0
18,120,49.0009,792,2,2,0
18,121,49.0009,792,2,2,0
18,123,98.8748,793,2,1,0
18,130,98.8748,793,2,1,0
18,131,98.8748,793,2,1,0
18,137,98.8748,793,2,1,0
18,140,49.0009,792,2,2,0
18,143,49.0009,792,2,2,0
18,144,98.8748,793,2,1,0
18,146,98.8748,793,2,1,0
18,148,49.0009,792,2,2,0
18,150,24.0661,790,2,4,0
18,154,32.3773,791,2,3,0
18,156,98.8748,793,2,1,0
18,160,98.8748,793,2,1,0
18,164,24.0661,790,2,4,0
18,170,98.8748,793,2,1,0
20,21,32.3773,791,3,2,0
20,23,32.3773,791,3,2,0
20,24,32.3773,791,3,2,0
20,33,65.6668,792,3,1,0
20,34,65.6668,792,3,1,0
20,42,32.3773,791,3,2,0
20,46,65.6668,792,3,1,0
20,49,65.6668,792,3,1,0
20,50,32.3773,791,3,2,0
20,51,65.6668,792,3,1,0
20,52,32.3773,791,3,2,0
20,53,32.3773,791,3,2,0
20,55,65.6668,792,3,1,0
20,56,32.3773,791,3,2,0
20,63,32.3773,791,3,2,0
20,64,65.6668,792,3,1,0
20,65,65.6668,792,3,1,0
20,69,21.2825,790,3,3,0
20,72,32.3773,791,3,2,0
20,73,32.3773,791,3,2,0
20,74,32.3773,791,3,2,0
20,75,32.3773,791,3,2,0
20,81,65.6668,792,3,1,0
20,82,65.6668,792,3,1,0
20,85,21.2825,790,3,3,0
20,90,65.6668,792,3,1,0
20,94,65.6668,792,3,1,0
20,95,32.3773,791,3,2,0
20,96,65.6668,792,3,1,0
20,101,65.6668,792,3,1,0
20,102,32.3773,791,3,2,0
20,104,65.6668,792,3,1,0
20,106,21.2825,790,3,3,0
20,107,65.6668,792,3,1,0
20,110,32.3773,791,3,2,0
20,113,65.6668,792,3,1,0
20,114,65.6668,792,3,1,0
20,119,65.6668,792,3,1,0
20,120,32.3773,791,3,2,0
20,121,32.3773,791,3,2,0
20,123,65.6668,792,3,1,0
20,130,65.6668,792,3,1,0
20,131,65.6668,792,3,1,0
20,137,65.6668,792,3,1,0
20,140,32.3773,791,3,2,0
20,143,32.3773,791,3,2,0
20,144,65.6668,792,3,1,0
20,146,65.6668,792,3,1,0
20,148,32.3773,791,3,2,0
20,154,21.2825,790,3,3,0
20,156,65.6668,792,3,1,0
20,160,65.6668,792,3,1,0
20,170,65.6668,792,3,1,0
21,23,49.0009,792,2,2,0
21,24,49.0009,792,2,2,0
21,27,24.0661,790,2,4,0
21,33,98.8748,793,2,1,0
21,34,98.8748,793,2,1,0
21,42,49.0009,792,2,2,0
21,45,24.0661,790,2,4,0
21,46,98.8748,793,2,1,0
21,49,98.8748,793,2,1,0
21,50,49.0009,792,2,2,0
21,51,98.8748,793,2,1,0
21,52,49.0009,792,2,2,0
21,53,49.0009,792,2,2,0
21,55,98.8748,793,2,1,0
21,56,49.0009,792,2,2,0
21,63,49.0009,792,2,2,0
21,64,98.8748,793,2,1,0
21,65,98.8748,793,2,1,0
21,69,32.3773,791,2,3,0
21,72,49.0009,792,2,2,0
21,73,49.0009,792,2,2,0
21,74,49.0009,792,2,2,0
21,75,49.0009,792,2,2,0
21,81,98.8748,793,2,1,0
21,82,98.8748,793,2,1,0
21,85,32.3773,791,2,3,0
21,87,24.0661,790,2,4,0
21,90,98.8748,793,2,1,0
21,94,98.8748,793,2,1,0
21,95,49.0009,792,2,2,0
21,96,98.8748,793,2,1,0
21,101,98.8748,793,2,1,0
21,102,49.0009,792,2,2,0
21,104,98.8748,793,2,1,0
21,106,32.3773,791,2,3,0
21,107,98.8748,793,2,1,0
21,110,49.0009,792,2,2,0
21,113,98.8748,793,2,1,0
21,114,98.8748,793,2,1,0
21,117,24.0661,790,2,4,0
21,118,24.0661,790,2,4,0
21,119,98.8748,793,2,1,0
21,120,49.0009,792,2,2,0
21,121,49.0009,792,2,2,0
21,123,98.8748,793,2,1,0
21,130,98.8748,793,2,1,0
21,131,98.8748,793,2,1,0
21,137,98.8748,793,2,1,0
21,140,49.0009,792,2,2,0
21,143,49.0009,792,2,2,0
21,144,98.8748,793,2,1,0
21,146,98.8748,793,2,1,0
21,148,49.0009,792,2,2,0
21,150,24.0661,790,2,4,0
21,154,32.3773,791,2,3,0
21,156,98.8748,793,2,1,0
21,160,98.8748,793,2,1,0
21,164,24.0661,790,2,4,0
21,170,98.8748,793,2,1,0
23,24,49.0009,792,2,2,0
23,27,24.0661,790,2,4,0
23,33,98.8748,793,2,1,0
23,34,98.8748,793,2,1,0
23,42,49.0009,792,2,2,0
23,45,24.0661,790,2,4,0
23,46,98.8748,793,2,1,0
23,49,98.8748,793,2,1,0
23,50,49.0009,792,2,2,0
23,51,98.8748,793,2,1,0
23,52,49.0009,792,2,2,0
23,53,49.0009,792,2,2,0
23,55,98.8748,793,2,1,0
23,56,49.0009,792,2,2,0
23,63,49.0009,792,2,2,0
23,64,98.8748,793,2,1,0
23,65,98.8748,793,2,1,0
23,69,32.3773,791,2,3,0
23,72,49.0009,792,2,2,0
23,73,49.0009,792,2,2,0
23,74,49.0009,792,2,2,0
23,75,49.0009,792,2,2,0
23,81,98.8748,793,2,1,0
23,82,98.8748,793,2,1,0
23,85,32.3773,791,2,3,0
23,87,24.0661,790,2,4,0
23,90,98.8748,793,2,1,0
23,94,98.8748,793,2,1,0
23,95,49.0009,792,2,2,0
23,96,98.8748,793,2,1,0
23,101,98.8748,793,2,1,0
23,102,49.0009,792,2,2,0
23,104,98.8748,793,2,1,0
23,106,32.3773,791,2,3,0
23,107,98.8748,793,2,1,0
23,110,49.0009,792,2,2,0
23,113,98.8748,793,2,1,0
23,114,98.8748,793,2,1,0
23,117,24.0661,790,2,4,0
23,118,24.0661,790,2,4,0
23,119,98.8748,793,2,1,0
23,120,49.0009,792,2,2,0
23,121,49.0009,792,2,2,0
23,123,98.8748,793,2,1,0
23,130,98.8748,793,2,1,0
23,131,98.8748,793,2,1,0
23,137,98.8748,793,2,1,0
23,140,49.0009,792,2,2,0
23,143,49.0009,792,2,2,0
23,144,98.8748,793,2,1,0
23,146,98.8748,793,2,1,0
23,148,49.0009,792,2,2,0
23,150,24.0661,790,2,4,0
23,154,32.3773,791,2,3,0
23,156,98.8748,793,2,1,0
23,160,98.8748,793,2,1,0
23,164,24.0661,790,2,4,0
23,170,98.8748,793,2,1,0
24,27,24.0661,790,2,4,0
24,33,98.8748,793,2,1,0
24,34,98.8748,793,2,1,0
24,42,49.0009,792,2,2,0
24,45,24.0661,790,2,4,0
24,46,98.8748,793,2,1,0
24,49,98.8748,793,2,1,0
24,50,49.0009,792,2,2,0
24,51,98.8748,793,2,1,0
24,52,49.0009,792,2,2,0
24,53,49.0009,792,2,2,0
24,55,98.8748,793,2,1,0
24,56,49.0009,792,2,2,0
24,63,49.0009,792,2,2,0
24,64,98.8748,793,2,1,0
24,65,98.8748,793,2,1,0
24,69,32.3773,791,2,3,0
24,72,49.0009,792,2,2,0
24,73,49.0009,792,2,2,0
24,74,49.0009,792,2,2,0
24,75,49.0009,792,2,2,0
24,81,98.8748,793,2,1,0
24,82,98.8748,793,2,1,0
24,85,32.3773,791,2,3,0
24,87,24.0661,790,2,4,0
24,90,98.8748,793,2,1,0
24,94,98.8748,793,2,1,0
24,95,49.0009,792,2,2,0
24,96,98.8748,793,2,1,0
24,101,98.8748,793,2,1,0
24,102,49.0009,792,2,2,0
24,104,98.8748,793,2,1,0
24,106,32.3773,791,2,3,0
24,107,98.8748,793,2,1,0
24,110,49.0009,792,2,2,0
24,113,98.8748,793,2,1,0
24,114,98.8748,793,2,1,0
24,117,24.0661,790,2,4,0
24,118,24.0661,790,2,4,0
24,119,98.8748,793,2,1,0
24,120,49.0009,792,2,2,0
24,121,49.0009,792,2,2,0
24,123,98.8748,793,2,1,0
24,130,98.8748,793,2,1,0
24,131,98.8748,793,2,1,0
24,137,98.8748,793,2,1,0
24,140,49.0009,792,2,2,0
24,143,49.0009,792,2,2,0
24,144,98.8748,793,2,1,0
24,146,98.8748,793,2,1,0
24,148,49.0009,792,2,2,0
24,150,24.0661,790,2,4,0
24,154,32.3773,791,2,3,0
24,156,98.8748,793,2,1,0
24,160,98.8748,793,2,1,0
24,164,24.0661,790,2,4,0
24,170,98.8748,793,2,1,0
27,33,49.0629,791,4,1,0
27,34,49.0629,791,4,1,0
27,42,24.0661,790,4,2,0
27,46,49.0629,791,4,1,0
27,49,49.0629,791,4,1,0
27,50,24.0661,790,4,2,0
27,51,49.0629,791,4,1,0
27,52,24.0661,790,4,2,0
27,53,24.0661,790,4,2,0
27,55,49.0629,791,4,1,0
27,56,24.0661,790,4,2,0
27,58,25.7081,778,2,14,2
27,63,24.0661,790,4,2,0
27,64,49.0629,791,4,1,0
27,65,49.0629,791,4,1,0
27,72,24.0661,790,4,2,0
27,73,24.0661,790,4,2,0
27,74,24.0661,790,4,2,0
27,75,24.0661,790,4,2,0
27,81,49.0629,791,4,1,0
27,82,49.0629,791,4,1,0
27,90,49.0629,791,4,1,0
27,94,49.0629,791,4,1,0
27,95,24.0661,790,4,2,0
27,96,49.0629,791,4,1,0
27,101,49.0629,791,4,1,0
27,102,24.0661,790,4,2,0
27,104,49.0629,791,4,1,0
27,107,49.0629,791,4,1,0
27,110,24.0661,790,4,2,0
27,113,49.0629,791,4,1,0
27,114,49.0629,791,4,1,0
27,119,49.0629,791,4,1,0
27,120,24.0661,790,4,2,0
27,121,24.0661,790,4,2,0
27,123,49.0629,791,4,1,0
27,130,49.0629,791,4,1,0
27,131,49.0629,791,4,1,0
27,137,49.0629,791,4,1,0
27,140,24.0661,790,4,2,0
27,143,24.0661,790,4,2,0
27,144,49.0629,791,4,1,0
27,146,49.0629,791,4,1,0
27,148,24.0661,790,4,2,0
27,156,49.0629,791,4,1,0
27,160,49.0629,791,4,1,0
27,170,49.0629,791,4,1,0
33,34,198.5,794,1,1,0
33,42,98.8748,793,1,2,0
33,45,49.0629,791,1,4,0
33,46,198.5,794,1,1,0
33,48,32.4593,789,1,6,0
33,49,198.5,794,1,1,0
33,50,98.8748,793,1,2,0
33,51,198.5,794,1,1,0
33,52,98.8748,793,1,2,0
33,53,98.8748,793,1,2,0
33,55,198.5,794,1,1,0
33,56,98.8748,793,1,2,0
33,61,27.7156,788,1,7,0
33,63,98.8748,793,1,2,0
33,64,198.5,794,1,1,0
33,65,198.5,794,1,1,0
33,67,32.4593,789,1,6,0
33,69,65.6668,792,1,3,0
33,71,24.1579,787,1,8,0
33,72,98.8748,793,1,2,0
33,73,98.8748,793,1,2,0
33,74,98.8748,793,1,2,0
33,75,98.8748,793,1,2,0
33,81,198.5,794,1,1,0
33,82,198.5,794,1,1,0
33,84,39.1007,790,1,5,0
33,85,65.6668,792,1,3,0
33,87,49.0629,791,1,4,0
33,90,198.5,794,1,1,0
33,94,198.5,794,1,1,0
33,95,98.8748,793,1,2,0
33,96,198.5,794,1,1,0
33,99,32.4593,789,1,6,0
33,101,198.5,794,1,1,0
33,102,98.8748,793,1,2,0
33,104,198.5,794,1,1,0
33,106,65.6668,792,1,3,0
33,107,198.5,794,1,1,0
33,109,39.1007,790,1,5,0
33,110,98.8748,793,1,2,0
33,113,198.5,794,1,1,0
33,114,198.5,794,1,1,0
33,117,49.0629,791,1,4,0
33,118,49.0629,791,1,4,0
33,119,198.5,794,1,1,0
33,120,98.8748,793,1,2,0
33,121,98.8748,793,1,2,0
33,123,198.5,794,1,1,0
33,124,32.4593,789,1,6,0
33,129,32.4593,789,1,6,0
33,130,198.5,794,1,1,0
33,131,198.5,794,1,1,0
33,137,198.5,794,1,1,0
33,140,98.8748,793,1,2,0
33,143,98.8748,793,1,2,0
33,144,198.5,794,1,1,0
33,146,198.5,794,1,1,0
33,148,98.8748,793,1,2,0
33,150,49.0629,791,1,4,0
33,154,65.6668,792,1,3,0
33,156,198.5,794,1,1,0
33,160,198.5,794,1,1,0
33,161,24.1579,787,1,8,0
33,164,49.0629,791,1,4,0
33,170,198.5,794,1,1,0
34,42,98.8748,793,1,2,0
34,45,49.0629,791,1,4,0
34,46,198.5,794,1,1,0
34,48,32.4593,789,1,6,0
34,49,198.5,794,1,1,0
34,50,98.8748,793,1,2,0
34,51,198.5,794,1,1,0
34,52,98.8748,793,1,2,0
34,53,98.8748,793,1,2,0
34,55,198.5,794,1,1,0
34,56,98.8748,793,1,2,0
34,61,27.7156,788,1,7,0
34,63,98.8748,793,1,2,0
34,64,198.5,794,1,1,0
34,65,198.5,794,1,1,0
34,67,32.4593,789,1,6,0
34,69,65.6668,792,1,3,0
34,71,24.1579,787,1,8,0
34,72,98.8748,793,1,2,0
34,73,98.8748,793,1,2,0
34,74,98.8748,793,1,2,0
34,75,98.8748,793,1,2,0
34,81,198.5,794,1,1,0
34,82,198.5,794,1,1,0
34,84,39.1007,790,1,5,0
34,85,65.6668,792,1,3,0
34,87,49.0629,791,1,4,0
34,90,198.5,794,1,1,0
34,94,198.5,794,1,1,0
34,95,98.8748,793,1,2,0
34,96,198.5,794,1,1,0
34,99,32.4593,789,1,6,0
34,101,198.5,794,1,1,0
34,102,98.8748,793,1,2,0
34,104,198.5,794,1,1,0
34,106,65.6668,792,1,3,0
34,107,198.5,794,1,1,0
34,109,39.1007,790,1,5,0
34,110,98.8748,793,1,2,0
34,113,198.5,794,1,1,0
34,114,198.5,794,1,1,0
34,117,49.0629,791,1,4,0
34,118,49.0629,791,1,4,0
34,119,198.5,794,1,1,0
34,120,98.8748,793,1,2,0
34,121,98.8748,793,1,2,0
34,123,198.5,794,1,1,0
34,124,32.4593,789,1,6,0
34,129,32.4593,789,1,6,0
34,130,198.5,794,1,1,0
34,131,198.5,794,1,1,0
34,137,198.5,794,1,1,0
34,140,98.8748,793,1,2,0
34,143,98.8748,793,1,2,0
34,144,198.5,794,1,1,0
34,146,198.5,794,1,1,0
34,148,98.8748,793,1,2,0
34,150,49.0629,791,1,4,0
34,154,65.6668,792,1,3,0
34,156,198.5,794,1,1,0
34,160,198.5,794,1,1,0
34,161,24.1579,787,1,8,0
34,164,49.0629,791,1,4,0
34,170,198.5,794,1,1,0
42,45,24.0661,790,2,4,0
42,46,98.8748,793,2,1,0
42,49,98.8748,793,2,1,0
42,50,49.0009,792,2,2,0
42,51,98.8748,793,2,1,0
42,52,49.0009,792,2,2,0
42,53,49.0009,792,2,2,0
42,55,98.8748,793,2,1,0
42,56,49.0009,792,2,2,0
42,63,49.0009,792,2,2,0
42,64,98.8748,793,2,1,0
42,65,98.8748,793,2,1,0
42,69,32.3773,791,2,3,0
42,72,49.0009,792,2,2,0
42,73,49.0009,792,2,2,0
42,74,49.0009,792,2,2,0
42,75,49.0009,792,2,2,0
42,81,98.8748,793,2,1,0
42,82,98.8748,793,2,1,0
42,85,32.3773,791,2,3,0
42,87,24.0661,790,2,4,0
42,90,98.8748,793,2,1,0
42,94,98.8748,793,2,1,0
42,95,49.0009,792,2,2,0
42,96,98.8748,793,2,1,0
42,101,98.8748,793,2,1,0
42,102,49.0009,792,2,2,0
42,104,98.8748,793,2,1,0
42,106,32.3773,791,2,3,0
42,107,98.8748,793,2,1,0
42,110,49.0009,792,2,2,0
42,113,98.8748,793,2,1,0
42,114,98.8748,793,2,1,0
42,117,24.0661,790,2,4,0
42,118,24.0661,790,2,4,0
42,119,98.8748,793,2,1,0
42,120,49.0009,792,2,2,0
42,121,49.0009,792,2,2,0
42,123,98.8748,793,2,1,0
42,130,98.8748,793,2,1,0
42,131,98.8748,793,2,1,0
42,137,98.8748,793,2,1,0
42,140,49.0009,792,2,2,0
42,143,49.0009,792,2,2,0
42,144,98.8748,793,2,1,0
42,146,98.8748,793,2,1,0
42,148,49.0009,792,2,2,0
42,150,24.0661,790,2,4,0
42,154,32.3773,791,2,3,0
42,156,98.8748,793,2,1,0
42,160,98.8748,793,2,1,0
42,164,24.0661,791,1,3,1
42,170,98.8748,793,2,1,0
45,46,49.0629,791,4,1,0
45,49,49.0629,791,4,1,0
45,50,24.0661,790,4,2,0
45,51,49.0629,791,4,1,0
45,52,24.0661,790,4,2,0
45,53,24.0661,790,4,2,0
45,55,49.0629,791,4,1,0
45,56,24.0661,790,4,2,0
45,63,24.0661,790,4,2,0
45,64,49.0629,791,4,1,0
45,65,49.0629,791,4,1,0
45,72,24.0661,790,4,2,0
45,73,24.0661,790,4,2,0
45,74,24.0661,790,4,2,0
45,75,24.0661,790,4,2,0
45,81,49.0629,791,4,1,0
45,82,49.0629,791,4,1,0
45,90,49.0629,791,4,1,0
45,94,49.0629,791,4,1,0
45,95,24.0661,790,4,2,0
45,96,49.0629,791,4,1,0
45,101,49.0629,791,4,1,0
45,102,24.0661,790,4,2,0
45,104,49.0629,791,4,1,0
45,107,49.0629,791,4,1,0
45,110,24.0661,790,4,2,0
45,113,49.0629,791,4,1,0
45,114,49.0629,791,4,1,0
45,119,49.0629,791,4,1,0
45,120,24.0661,790,4,2,0
45,121,24.0661,790,4,2,0
45,123,49.0629,791,4,1,0
45,130,49.0629,791,4,1,0
45,131,49.0629,791,4,1,0
45,137,49.0629,791,4,1,0
45,140,24.0661,790,4,2,0
45,143,24.0661,790,4,2,0
45,144,49.0629,791,4,1,0
45,146,49.0629,791,4,1,0
45,148,24.0661,790,4,2,0
45,156,49.0629,791,4,1,0
45,160,49.0629,791,4,1,0
45,170,49.0629,791,4,1,0
46,48,32.4593,789,1,6,0
46,49,198.5,794,1,1,0
46,50,98.8748,793,1,2,0
46,51,198.5,794,1,1,0
46,52,98.8748,793,1,2,0
46,53,98.8748,793,1,2,0
46,55,198.5,794,1,1,0
46,56,98.8748,793,1,2,0
46,61,27.7156,788,1,7,0
46,63,98.8748,793,1,2,0
46,64,198.5,794,1,1,0
46,65,198.5,794,1,1,0
46,67,32.4593,789,1,6,0
46,69,65.6668,792,1,3,0
46,71,24.1579,787,1,8,0
46,72,98.8748,793,1,2,0
46,73,98.8748,793,1,2,0
46,74,98.8748,793,1,2,0
46,75,98.8748,793,1,2,0
46,81,198.5,794,1,1,0
46,82,198.5,794,1,1,0
46,84,39.1007,790,1,5,0
46,85,65.6668,792,1,3,0
46,87,49.0629,791,1,4,0
46,90,198.5,794,1,1,0
46,94,198.5,794,1,1,0
46,95,98.8748,793,1,2,0
46,96,198.5,794,1,1,0
46,99,32.4593,789,1,6,0
46,101,198.5,794,1,1,0
46,102,98.8748,793,1,2,0
46,104,198.5,794,1,1,0
46,106,65.6668,792,1,3,0
46,107,198.5,794,1,1,0
46,109,39.1007,790,1,5,0
46,110,98.8748,793,1,2,0
46,113,198.5,794,1,1,0
46,114,198.5,794,1,1,0
46,117,49.0629,791,1,4,0
46,118,49.0629,791,1,4,0
46,119,198.5,794,1,1,0
46,120,98.8748,793,1,2,0
46,121,98.8748,793,1,2,0
46,123,198.5,794,1,1,0
46,124,32.4593,789,1,6,0
46,129,32.4593,789,1,6,0
46,130,198.5,794,1,1,0
46,131,198.5,794,1,1,0
46,137,198.5,794,1,1,0
46,140,98.8748,793,1,2,0
46,143,98.8748,793,1,2,0
46,144,198.5,794,1,1,0
46,146,198.5,794,1,1,0
46,148,98.8748,793,1,2,0
46,150,49.0629,791,1,4,0
46,154,65.6668,792,1,3,0
46,156,198.5,794,1,1,0
46,160,198.5,794,1,1,0
46,161,24.1579,787,1,8,0
46,164,49.0629,791,1,4,0
46,170,198.5,794,1,1,0
48,49,32.4593,789,6,1,0
48,51,32.4593,789,6,1,0
48,55,32.4593,789,6,1,0
48,64,32.4593,789,6,1,0
48,65,32.4593,789,6,1,0
48,81,32.4593,789,6,1,0
48,82,32.4593,789,6,1,0
48,90,32.4593,789,6,1,0
48,94,32.4593,789,6,1,0
48,96,32.4593,789,6,1,0
48,101,32.4593,789,6,1,0
48,104,32.4593,789,6,1,0
48,107,32.4593,789,6,1,0
48,113,32.4593,789,6,1,0
48,114,32.4593,789,6,1,0
48,119,32.4593,789,6,1,0
48,123,32.4593,789,6,1,0
48,130,32.4593,789,6,1,0
48,131,32.4593,789,6,1,0
48,137,32.4593,789,6,1,0
48,144,32.4593,789,6,1,0
48,146,32.4593,789,6,1,0
48,156,32.4593,789,6,1,0
48,160,32.4593,789,6,1,0
48,170,32.4593,789,6,1,0
49,50,98.8748,793,1,2,0
49,51,198.5,794,1,1,0
49,52,98.8748,793,1,2,0
49,53,98.8748,793,1,2,0
49,55,198.5,794,1,1,0
49,56,98.8748,793,1,2,0
49,61,27.7156,788,1,7,0
49,63,98.8748,793,1,2,0
49,64,198.5,794,1,1,0
49,65,198.5,794,1,1,0
49,67,32.4593,789,1,6,0
49,69,65.6668,792,1,3,0
49,71,24.1579,787,1,8,0
49,72,98.8748,793,1,2,0
49,73,98.8748,793,1,2,0
49,74,98.8748,793,1,2,0
49,75,98.8748,793,1,2,0
49,81,198.5,794,1,1,0
49,82,198.5,794,1,1,0
49,84,39.1007,790,1,5,0
49,85,65.6668,792,1,3,0
49,87,49.0629,791,1,4,0
49,90,198.5,794,1,1,0
49,94,198.5,794,1,1,0
49,95,98.8748,793,1,2,0
49,96,198.5,794,1,1,0
49,99,32.4593,789,1,6,0
49,101,198.5,794,1,1,0
49,102,98.8748,793,1,2,0
49,104,198.5,794,1,1,0
49,106,65.6668,792,1,3,0
49,107,198.5,794,1,1,0
49,109,39.1007,790,1,5,0
49,110,98.8748,793,1,2,0
49,113,198.5,794,1,1,0
49,114,198.5,794,1,1,0
49,117,49.0629,791,1,4,0
49,118,49.0629,791,1,4,0
49,119,198.5,794,1,1,0
49,120,98.8748,793,1,2,0
49,121,98.8748,793,1,2,0
49,123,198.5,794,1,1,0
49,124,32.4593,789,1,6,0
49,129,32.4593,789,1,6,0
49,130,198.5,794,1,1,0
49,131,198.5,794,1,1,0
49,137,198.5,794,1,1,0
49,140,98.8748,793,1,2,0
49,143,98.8748,793,1,2,0
49,144,198.5,794,1,1,0
49,146,198.5,794,1,1,0
49,148,98.8748,793,1,2,0
49,150,49.0629,791,1,4,0
49,154,65.6668,792,1,3,0
49,156,198.5,794,1,1,0
49,160,198.5,794,1,1,0
49,161,24.1579,787,1,8,0
49,164,49.0629,791,1,4,0
49,170,198.5,794,1,1,0
50,51,98.8748,793,2,1,0
50,52,49.0009,792,2,2,0
50,53,49.0009,792,2,2,0
50,55,98.8748,793,2,1,0
50,56,49.0009,792,2,2,0
50,63,49.0009,792,2,2,0
50,64,98.8748,793,2,1,0
50,65,98.8748,793,2,1,0
50,69,32.3773,791,2,3,0
50,72,49.0009,792,2,2,0
50,73,49.0009,792,2,2,0
50,74,49.0009,792,2,2,0
50,75,49.0009,792,2,2,0
50,81,98.8748,793,2,1,0
50,82,98.8748,793,2,1,0
50,85,32.3773,791,2,3,0
50,87,24.0661,790,2,4,0
50,90,98.8748,793,2,1,0
50,94,98.8748,793,2,1,0
50,95,49.0009,792,2,2,0
50,96,98.8748,793,2,1,0
50,101,98.8748,793,2,1,0
50,102,49.0009,792,2,2,0
50,104,98.8748,793,2,1,0
50,106,32.3773,791,2,3,0
50,107,98.8748,793,2,1,0
50,110,49.0009,792,2,2,0
50,113,98.8748,793,2,1,0
50,114,98.8748,793,2,1,0
50,117,24.0661,790,2,4,0
50,118,24.0661,790,2,4,0
50,119,98.8748,793,2,1,0
50,120,49.0009,792,2,2,0
50,121,49.0009,792,2,2,0
50,123,98.8748,793,2,1,0
50,130,98.8748,793,2,1,0
50,131,98.8748,793,2,1,0
50,137,98.8748,793,2,1,0
50,140,49.0009,792,2,2,0
50,143,49.0009,792,2,2,0
50,144,98.8748,793,2,1,0
50,146,98.8748,793,2,1,0
50,148,49.0009,792,2,2,0
50,150,24.0661,790,2,4,0
50,154,32.3773,791,2,3,0
50,156,98.8748,793,2,1,0
50,160,98.8748,793,2,1,0
50,164,24.0661,790,2,4,0
50,170,98.8748,793,2,1,0
51,52,98.8748,793,1,2,0
51,53,98.8748,793,1,2,0
51,55,198.5,794,1,1,0
51,56,98.8748,793,1,2,0
51,61,27.7156,788,1,7,0
51,63,98.8748,793,1,2,0
51,64,198.5,794,1,1,0
51,65,198.5,794,1,1,0
51,67,32.4593,789,1,6,0
51,69,65.6668,792,1,3,0
51,71,24.1579,787,1,8,0
51,72,98.8748,793,1,2,0
51,73,98.8748,793,1,2,0
51,74,98.8748,793,1,2,0
51,75,98.8748,793,1,2,0
51,81,198.5,794,1,1,0
51,82,198.5,794,1,1,0
51,84,39.1007,790,1,5,0
51,85,65.6668,792,1,3,0
51,87,49.0629,791,1,4,0
51,90,198.5,794,1,1,0
51,94,198.5,794,1,1,0
51,95,98.8748,793,1,2,0
51,96,198.5,794,1,1,0
51,99,32.4593,789,1,6,0
51,101,198.5,794,1,1,0
51,102,98.8748,793,1,2,0
51,104,198.5,794,1,1,0
51,106,65.6668,792,1,3,0
51,107,198.5,794,1,1,0
51,109,39.1007,790,1,5,0
51,110,98.8748,793,1,2,0
51,113,198.5,794,1,1,0
51,114,198.5,794,1,1,0
51,117,49.0629,791,1,4,0
51,118,49.0629,791,1,4,0
51,119,198.5,794,1,1,0
51,120,98.8748,793,1,2,0
51,121,98.8748,793,1,2,0
51,123,198.5,794,1,1,0
51,124,32.4593,789,1,6,0
51,129,32.4593,789,1,6,0
51,130,198.5,794,1,1,0
51,131,198.5,794,1,1,0
51,137,198.5,794,1,1,0
51,140,98.8748,793,1,2,0
51,143,98.8748,793,1,2,0
51,144,198.5,794,1,1,0
51,146,198.5,794,1,1,0
51,148,98.8748,793,1,2,0
51,150,49.0629,791,1,4,0
51,154,65.6668,792,1,3,0
51,156,198.5,794,1,1,0
51,160,198.5,794,1,1,0
51,161,24.1579,787,1,8,0
51,164,49.0629,791,1,4,0
51,170,198.5,794,1,1,0
52,53,49.0009,792,2,2,0
52,55,98.8748,793,2,1,0
52,56,49.0009,792,2,2,0
52,63,49.0009,792,2,2,0
52,64,98.8748,793,2,1,0
52,65,98.8748,793,2,1,0
52,69,32.3773,791,2,3,0
52,72,49.0009,792,2,2,0
52,73,49.0009,792,2,2,0
52,74,49.0009,792,2,2,0
52,75,49.0009,792,2,2,0
52,81,98.8748,793,2,1,0
52,82,98.8748,793,2,1,0
52,85,32.3773,791,2,3,0
52,87,24.0661,790,2,4,0
52,90,98.8748,793,2,1,0
52,94,98.8748,793,2,1,0
52,95,49.0009,792,2,2,0
52,96,98.8748,793,2,1,0
52,101,98.8748,793,2,1,0
52,102,49.0009,792,2,2,0
52,104,98.8748,793,2,1,0
52,106,32.3773,791,2,3,0
52,107,98.8748,793,2,1,0
52,110,49.0009,792,2,2,0
52,113,98.8748,793,2,1,0
52,114,98.8748,793,2,1,0
52,117,24.0661,790,2,4,0
52,118,24.0661,790,2,4,0
52,119,98.8748,793,2,1,0
52,120,49.0009,792,2,2,0
52,121,49.0009,792,2,2,0
52,123,98.8748,793,2,1,0
52,130,98.8748,793,2,1,0
52,131,98.8748,793,2,1,0
52,137,98.8748,793,2,1,0
52,140,49.0009,792,2,2,0
52,143,49.0009,792,2,2,0
52,144,98.8748,793,2,1,0
52,146,98.8748,793,2,1,0
52,148,49.0009,792,2,2,0
52,150,24.0661,790,2,4,0
52,154,32.3773,791,2,3,0
52,156,98.8748,793,2,1,0
52,160,98.8748,793,2,1,0
52,164,24.0661,790,2,4,0
52,170,98.8748,793,2,1,0
53,55,98.8748,793,2,1,0
53,56,49.0009,792,2,2,0
53,63,49.0009,792,2,2,0
53,64,98.8748,793,2,1,0
53,65,98.8748,793,2,1,0
53,69,32.3773,791,2,3,0
53,72,49.0009,792,2,2,0
53,73,49.0009,792,2,2,0
53,74,49.0009,792,2,2,0
53,75,49.0009,792,2,2,0
53,81,98.8748,793,2,1,0
53,82,98.8748,793,2,1,0
53,85,32.3773,791,2,3,0
53,87,24.0661,790,2,4,0
53,90,98.8748,793,2,1,0
53,94,98.8748,793,2,1,0
53,95,49.0009,792,2,2,0
53,96,98.8748,793,2,1,0
53,101,98.8748,793,2,1,0
53,102,49.0009,792,2,2,0
53,104,98.8748,793,2,1,0
53,106,32.3773,791,2,3,0
53,107,98.8748,793,2,1,0
53,110,49.0009,792,2,2,0
53,113,98.8748,793,2,1,0
53,114,98.8748,793,2,1,0
53,117,24.0661,791,1,3,1
53,118,24.0661,790,2,4,0
53,119,98.8748,793,2,1,0
53,120,49.0009,792,2,2,0
53,121,49.0009,792,2,2,0
53,123,98.8748,793,2,1,0
53,130,98.8748,793,2,1,0
53,131,98.8748,793,2,1,0
53,137,98.8748,793,2,1,0
53,140,49.0009,792,2,2,0
53,143,49.0009,792,2,2,0
53,144,98.8748,793,2,1,0
53,146,98.8748,793,2,1,0
53,148,49.0009,792,2,2,0
53,150,24.0661,790,2,4,0
53,154,32.3773,791,2,3,0
53,156,98.8748,793,2,1,0
53,160,98.8748,793,2,1,0
53,164,24.0661,790,2,4,0
53,170,98.8748,793,2,1,0
55,56,98.8748,793,1,2,0
55,61,27.7156,788,1,7,0
55,63,98.8748,793,1,2,0
55,64,198.5,794,1,1,0
55,65,198.5,794,1,1,0
55,67,32.4593,789,1,6,0
55,69,65.6668,792,1,3,0
55,71,24.1579,787,1,8,0
55,72,98.8748,793,1,2,0
55,73,98.8748,793,1,2,0
55,74,98.8748,793,1,2,0
55,75,98.8748,793,1,2,0
55,81,198.5,794,1,1,0
55,82,198.5,794,1,1,0
55,84,39.1007,790,1,5,0
55,85,65.6668,792,1,3,0
55,87,49.0629,791,1,4,0
55,90,198.5,794,1,1,0
55,94,198.5,794,1,1,0
55,95,98.8748,793,1,2,0
55,96,198.5,794,1,1,0
55,99,32.4593,789,1,6,0
55,101,198.5,794,1,1,0
55,102,98.8748,793,1,2,0
55,104,198.5,794,1,1,0
55,106,65.6668,792,1,3,0
55,107,198.5,794,1,1,0
55,109,39.1007,790,1,5,0
55,110,98.8748,793,1,2,0
55,113,198.5,794,1,1,0
55,114,198.5,794,1,1,0
55,117,49.0629,791,1,4,0
55,118,49.0629,791,1,4,0
55,119,198.5,794,1,1,0
55,120,98.8748,793,1,2,0
55,121,98.8748,793,1,2,0
55,123,198.5,794,1,1,0
55,124,32.4593,789,1,6,0
55,129,32.4593,789,1,6,0
55,130,198.5,794,1,1,0
55,131,198.5,794,1,1,0
55,137,198.5,794,1,1,0
55,140,98.8748,793,1,2,0
55,143,98.8748,793,1,2,0
55,144,198.5,794,1,1,0
55,146,198.5,794,1,1,0
55,148,98.8748,793,1,2,0
55,150,49.0629,791,1,4,0
55,154,65.6668,792,1,3,0
55,156,198.5,794,1,1,0
55,160,198.5,794,1,1,0
55,161,24.1579,787,1,8,0
55,164,49.0629,791,1,4,0
55,170,198.5,794,1,1,0
56,63,49.0009,792,2,2,0
56,64,98.8748,793,2,1,0
56,65,98.8748,793,2,1,0
56,69,32.3773,791,2,3,0
56,72,49.0009,792,2,2,0
56,73,49.0009,792,2,2,0
56,74,49.0009,792,2,2,0
56,75,49.0009,792,2,2,0
56,81,98.8748,793,2,1,0
56,82,98.8748,793,2,1,0
56,85,32.3773,791,2,3,0
56,87,24.0661,790,2,4,0
56,90,98.8748,793,2,1,0
56,94,98.8748,793,2,1,0
56,95,49.0009,792,2,2,0
56,96,98.8748,793,2,1,0
56,101,98.8748,793,2,1,0
56,102,49.0009,792,2,2,0
56,104,98.8748,793,2,1,0
56,106,32.3773,791,2,3,0
56,107,98.8748,793,2,1,0
56,110,49.0009,792,2,2,0
56,113,98.8748,793,2,1,0
56,114,98.8748,793,2,1,0
56,117,24.0661,790,2,4,0
56,118,24.0661,790,2,4,0
56,119,98.8748,793,2,1,0
56,120,49.0009,792,2,2,0
56,121,49.0009,792,2,2,0
56,123,98.8748,793,2,1,0
56,130,98.8748,793,2,1,0
56,131,98.8748,793,2,1,0
56,137,98.8748,793,2,1,0
56,140,49.0009,792,2,2,0
56,143,49.0009,792,2,2,0
56,144,98.8748,793,2,1,0
56,146,98.8748,793,2,1,0
56,148,49.0009,792,2,2,0
56,150,24.0661,790,2,4,0
56,154,32.3773,791,2,3,0
56,156,98.8748,793,2,1,0
56,160,98.8748,793,2,1,0
56,164,24.0661,790,2,4,0
56,170,98.8748,793,2,1,0
61,64,27.7156,788,7,1,0
61,65,27.7156,788,7,1,0
61,81,27.7156,788,7,1,0
61,82,27.7156,788,7,1,0
61,90,27.7156,788,7,1,0
61,94,27.7156,788,7,1,0
61,96,27.7156,788,7,1,0
61,101,27.7156,788,7,1,0
61,104,27.7156,788,7,1,0
61,107,27.7156,788,7,1,0
61,113,27.7156,788,7,1,0
61,114,27.7156,788,7,1,0
61,119,27.7156,788,7,1,0
61,123,27.7156,788,7,1,0
61,130,27.7156,788,7,1,0
61,131,27.7156,788,7,1,0
61,137,27.7156,788,7,1,0
61,144,27.7156,788,7,1,0
61,146,27.7156,788,7,1,0
61,156,27.7156,788,7,1,0
61,160,27.7156,788,7,1,0
61,170,27.7156,788,7,1,0
63,64,98.8748,793,2,1,0
63,65,98.8748,793,2,1,0
63,69,32.3773,791,2,3,0
63,72,49.0009,792,2,2,0
63,73,49.0009,792,2,2,0
63,74,49.0009,792,2,2,0
63,75,49.0009,792,2,2,0
63,81,98.8748,793,2,1,0
63,82,98.8748,793,2,1,0
63,85,32.3773,791,2,3,0
63,87,24.0661,790,2,4,0
63,90,98.8748,793,2,1,0
63,94,98.8748,793,2,1,0
63,95,49.0009,792,2,2,0
63,96,98.8748,793,2,1,0
63,101,98.8748,793,2,1,0
63,102,49.0009,792,2,2,0
63,104,98.8748,793,2,1,0
63,106,32.3773,791,2,3,0
63,107,98.8748,793,2,1,0
63,110,49.0009,792,2,2,0
63,113,98.8748,793,2,1,0
63,114,98.8748,793,2,1,0
63,117,24.0661,790,2,4,0
63,118,24.0661,790,2,4,0
63,119,98.8748,793,2,1,0
63,120,49.0009,792,2,2,0
63,121,49.0009,792,2,2,0
63,123,98.8748,793,2,1,0
63,130,98.8748,793,2,1,0
63,131,98.8748,793,2,1,0
63,137,98.8748,793,2,1,0
63,140,49.0009,792,2,2,0
63,143,49.0009,792,2,2,0
63,144,98.8748,793,2,1,0
63,146,98.8748,793,2,1,0
63,148,49.0009,792,2,2,0
63,150,24.0661,790,2,4,0
63,154,32.3773,791,2,3,0
63,156,98.8748,793,2,1,0
63,160,98.8748,793,2,1,0
63,164,24.0661,790,2,4,0
63,170,98.8748,793,2,1,0
64,65,198.5,794,1,1,0
64,67,32.4593,789,1,6,0
64,69,65.6668,792,1,3,0
64,71,24.1579,787,1,8,0
64,72,98.8748,793,1,2,0
64,73,98.8748,793,1,2,0
64,74,98.8748,793,1,2,0
64,75,98.8748,793,1,2,0
64,81,198.5,794,1,1,0
64,82,198.5,794,1,1,0
64,84,39.1007,790,1,5,0
64,85,65.6668,792,1,3,0
64,87,49.0629,791,1,4,0
64,90,198.5,794,1,1,0
64,94,198.5,794,1,1,0
64,95,98.8748,793,1,2,0
64,96,198.5,794,1,1,0
64,99,32.4593,789,1,6,0
64,101,198.5,794,1,1,0
64,102,98.8748,793,1,2,0
64,104,198.5,794,1,1,0
64,106,65.6668,792,1,3,0
64,107,198.5,794,1,1,0
64,109,39.1007,790,1,5,0
64,110,98.8748,793,1,2,0
64,113,198.5,794,1,1,0
64,114,198.5,794,1,1,0
64,117,49.0629,791,1,4,0
64,118,49.0629,791,1,4,0
64,119,198.5,794,1,1,0
64,120,98.8748,793,1,2,0
64,121,98.8748,793,1,2,0
64,123,198.5,794,1,1,0
64,124,32.4593,789,1,6,0
64,129,32.4593,789,1,6,0
64,130,198.5,794,1,1,0
64,131,198.5,794,1,1,0
64,137,198.5,794,1,1,0
64,140,98.8748,793,1,2,0
64,143,98.8748,793,1,2,0
64,144,198.5,794,1,1,0
64,146,198.5,794,1,1,0
64,148,98.8748,793,1,2,0
64,150,49.0629,791,1,4,0
64,154,65.6668,792,1,3,0
64,156,198.5,794,1,1,0
64,160,198.5,794,1,1,0
64,161,24.1579,787,1,8,0
64,164,49.0629,791,1,4,0
64,170,198.5,794,1,1,0
65,67,32.4593,789,1,6,0
65,69,65.6668,792,1,3,0
65,71,24.1579,787,1,8,0
65,72,98.8748,793,1,2,0
65,73,98.8748,793,1,2,0
65,74,98.8748,793,1,2,0
65,75,98.8748,793,1,2,0
65,81,198.5,794,1,1,0
65,82,198.5,794,1,1,0
65,84,39.1007,790,1,5,0
65,85,65.6668,792,1,3,0
65,87,49.0629,791,1,4,0
65,90,198.5,794,1,1,0
65,94,198.5,794,1,1,0
65,95,98.8748,793,1,2,0
65,96,198.5,794,1,1,0
65,99,32.4593,789,1,6,0
65,101,198.5,794,1,1,0
65,102,98.8748,793,1,2,0
65,104,198.5,794,1,1,0
65,106,65.6668,792,1,3,0
65,107,198.5,794,1,1,0
65,109,39.1007,790,1,5,0
65,110,98.8748,793,1,2,0
65,113,198.5,794,1,1,0
65,114,198.5,794,1,1,0
65,117,49.0629,791,1,4,0
65,118,49.0629,791,1,4,0
65,119,198.5,794,1,1,0
65,120,98.8748,793,1,2,0
65,121,98.8748,793,1,2,0
65,123,198.5,794,1,1,0
65,124,32.4593,789,1,6,0
65,129,32.4593,789,1,6,0
65,130,198.5,794,1,1,0
65,131,198.5,794,1,1,0
65,137,198.5,794,1,1,0
65,140,98.8748,793,1,2,0
65,143,98.8748,793,1,2,0
65,144,198.5,794,1,1,0
65,146,198.5,794,1,1,0
65,148,98.8748,793,1,2,0
65,150,49.0629,791,1,4,0
65,154,65.6668,792,1,3,0
65,156,198.5,794,1,1,0
65,160,198.5,794,1,1,0
65,161,24.1579,787,1,8,0
65,164,49.0629,791,1,4,0
65,170,198.5,794,1,1,0
67,81,32.4593,789,6,1,0
67,82,32.4593,789,6,1,0
67,90,32.4593,789,6,1,0
67,94,32.4593,789,6,1,0
67,96,32.4593,789,6,1,0
67,101,32.4593,789,6,1,0
67,104,32.4593,789,6,1,0
67,107,32.4593,789,6,1,0
67,113,32.4593,789,6,1,0
67,114,32.4593,789,6,1,0
67,119,32.4593,789,6,1,0
67,123,32.4593,789,6,1,0
67,130,32.4593,789,6,1,0
67,131,32.4593,789,6,1,0
67,137,32.4593,789,6,1,0
67,144,32.4593,789,6,1,0
67,146,32.4593,789,6,1,0
67,156,32.4593,789,6,1,0
67,160,32.4593,789,6,1,0
67,170,32.4593,789,6,1,0
69,72,32.3773,791,3,2,0
69,73,32.3773,791,3,2,0
69,74,32.3773,791,3,2,0
69,75,32.3773,791,3,2,0
69,81,65.6668,792,3,1,0
69,82,65.6668,792,3,1,0
69,85,21.2825,790,3,3,0
69,90,65.6668,792,3,1,0
69,94,65.6668,792,3,1,0
69,95,32.3773,791,3,2,0
69,96,65.6668,792,3,1,0
69,101,65.6668,792,3,1,0
69,102,32.3773,791,3,2,0
69,104,65.6668,792,3,1,0
69,106,21.2825,790,3,3,0
69,107,65.6668,792,3,1,0
69,110,32.3773,791,3,2,0
69,113,65.6668,792,3,1,0
69,114,65.6668,792,3,1,0
69,119,65.6668,792,3,1,0
69,120,32.3773,791,3,2,0
69,121,32.3773,791,3,2,0
69,123,65.6668,792,3,1,0
69,130,65.6668,792,3,1,0
69,131,65.6668,792,3,1,0
69,137,65.6668,792,3,1,0
69,140,32.3773,791,3,2,0
69,143,32.3773,791,3,2,0
69,144,65.6668,792,3,1,0
69,146,65.6668,792,3,1,0
69,148,32.3773,791,3,2,0
69,154,21.2825,790,3,3,0
69,156,65.6668,792,3,1,0
69,160,65.6668,792,3,1,0
69,170,65.6668,792,3,1,0
71,81,24.1579,787,8,1,0
71,82,24.1579,787,8,1,0
71,90,24.1579,788,7,0,1
71,94,24.1579,787,8,1,0
71,96,24.1579,787,8,1,0
71,101,24.1579,787,8,1,0
71,104,24.1579,787,8,1,0
71,107,24.1579,787,8,1,0
71,113,24.1579,787,8,1,0
71,114,24.1579,787,8,1,0
71,119,24.1579,787,8,1,0
71,123,24.1579,787,8,1,0
71,130,24.1579,787,8,1,0
71,131,24.1579,787,8,1,0
71,137,24.1579,787,8,1,0
71,144,24.1579,787,8,1,0
71,146,24.1579,787,8,1,0
71,156,24.1579,787,8,1,0
71,160,24.1579,787,8,1,0
71,170,24.1579,787,8,1,0
72,73,49.0009,792,2,2,0
72,74,49.0009,792,2,2,0
72,75,49.0009,792,2,2,0
72,81,98.8748,793,2,1,0
72,82,98.8748,793,2,1,0
72,85,32.3773,791,2,3,0
72,87,24.0661,790,2,4,0
72,90,98.8748,793,2,1,0
72,94,98.8748,793,2,1,0
72,95,49.0009,792,2,2,0
72,96,98.8748,793,2,1,0
72,101,98.8748,793,2,1,0
72,102,49.0009,792,2,2,0
72,104,98.8748,793,2,1,0
72,106,32.3773,791,2,3,0
72,107,98.8748,793,2,1,0
72,110,49.0009,792,2,2,0
72,113,98.8748,793,2,1,0
72,114,98.8748,793,2,1,0
72,117,24.0661,790,2,4,0
72,118,24.0661,790,2,4,0
72,119,98.8748,793,2,1,0
72,120,49.0009,792,2,2,0
72,121,49.0009,792,2,2,0
72,123,98.8748,793,2,1,0
72,130,98.8748,793,2,1,0
72,131,98.8748,793,2,1,0
72,137,98.8748,793,2,1,0
72,140,49.0009,792,2,2,0
72,143,49.0009,792,2,2,0
72,144,98.8748,793,2,1,0
72,146,98.8748,793,2,1,0
72,148,49.0009,792,2,2,0
72,150,24.0661,790,2,4,0
72,154,32.3773,791,2,3,0
72,156,98.8748,793,2,1,0
72,160,98.8748,793,2,1,0
72,164,24.0661,790,2,4,0
72,170,98.8748,793,2,1,0
73,74,49.0009,792,2,2,0
73,75,49.0009,792,2,2,0
73,81,98.8748,793,2,1,0
73,82,98.8748,793,2,1,0
73,85,32.3773,791,2,3,0
73,87,24.0661,790,2,4,0
73,90,98.8748,793,2,1,0
73,94,98.8748,793,2,1,0
73,95,49.0009,792,2,2,0
73,96,98.8748,793,2,1,0
73,101,98.8748,793,2,1,0
73,102,49.0009,792,2,2,0
73,104,98.8748,793,2,1,0
73,106,32.3773,791,2,3,0
73,107,98.8748,793,2,1,0
73,110,49.0009,792,2,2,0
73,113,98.8748,793,2,1,0
73,114,98.8748,793,2,1,0
73,117,24.0661,790,2,4,0
73,118,24.0661,790,2,4,0
73,119,98.8748,793,2,1,0
73,120,49.0009,792,2,2,0
73,121,49.0009,792,2,2,0
73,123,98.8748,793,2,1,0
73,130,98.8748,793,2,1,0
73,131,98.8748,793,2,1,0
73,137,98.8748,793,2,1,0
73,140,49.0009,792,2,2,0
73,143,49.0009,792,2,2,0
73,144,98.8748,793,2,1,0
73,146,98.8748,793,2,1,0
73,148,49.0009,792,2,2,0
73,150,24.0661,790,2,4,0
73,154,32.3773,791,2,3,0
73,156,98.8748,793,2,1,0
73,160,98.8748,793,2,1,0
73,164,24.0661,790,2,4,0
73,170,98.8748,793,2,1,0
74,75,49.0009,792,2,2,0
74,81,98.8748,793,2,1,0
74,82,98.8748,793,2,1,0
74,85,32.3773,791,2,3,0
74,87,24.0661,790,2,4,0
74,90,98.8748,793,2,1,0
74,94,98.8748,793,2,1,0
74,95,49.0009,792,2,2,0
74,96,98.8748,793,2,1,0
74,101,98.8748,793,2,1,0
74,102,49.0009,792,2,2,0
74,104,98.8748,793,2,1,0
74,106,32.3773,791,2,3,0
74,107,98.8748,793,2,1,0
74,110,49.0009,792,2,2,0
74,113,98.8748,793,2,1,0
74,114,98.8748,793,2,1,0
74,117,24.0661,790,2,4,0
74,118,24.0661,790,2,4,0
74,119,98.8748,793,2,1,0
74,120,49.0009,792,2,2,0
74,121,49.0009,792,2,2,0
74,123,98.8748,793,2,1,0
74,130,98.8748,793,2,1,0
74,131,98.8748,793,2,1,0
74,137,98.8748,793,2,1,0
74,140,49.0009,792,2,2,0
74,143,49.0009,792,2,2,0
74,144,98.8748,793,2,1,0
74,146,98.8748,793,2,1,0
74,148,49.0009,792,2,2,0
74,150,24.0661,790,2,4,0
74,154,32.3773,791,2,3,0
74,156,98.8748,793,2,1,0
74,160,98.8748,793,2,1,0
74,164,24.0661,790,2,4,0
74,170,98.8748,793,2,1,0
75,81,98.8748,793,2,1,0
75,82,98.8748,793,2,1,0
75,85,32.3773,791,2,3,0
75,87,24.0661,790,2,4,0
75,90,98.8748,793,2,1,0
75,94,98.8748,793,2,1,0
75,95,49.0009,792,2,2,0
75,96,98.8748,793,2,1,0
75,101,98.8748,793,2,1,0
75,102,49.0009,792,2,2,0
75,104,98.8748,793,2,1,0
75,106,32.3773,791,2,3,0
75,107,98.8748,793,2,1,0
75,110,49.0009,792,2,2,0
75,113,98.8748,793,2,1,0
75,114,98.8748,793,2,1,0
75,117,24.0661,790,2,4,0
75,118,24.0661,790,2,4,0
75,119,98.8748,793,2,1,0
75,120,49.0009,792,2,2,0
75,121,49.0009,792,2,2,0
75,123,98.8748,793,2,1,0
75,130,98.8748,793,2,1,0
75,131,98.8748,793,2,1,0
75,137,98.8748,793,2,1,0
75,140,49.0009,792,2,2,0
75,143,49.0009,792,2,2,0
75,144,98.8748,793,2,1,0
75,146,98.8748,793,2,1,0
75,148,49.0009,792,2,2,0
75,150,24.0661,790,2,4,0
75,154,32.3773,791,2,3,0
75,156,98.8748,793,2,1,0
75,160,98.8748,793,2,1,0
75,164,24.0661,790,2,4,0
75,170,98.8748,793,2,1,0
81,82,198.5,794,1,1,0
81,84,39.1007,790,1,5,0
81,85,65.6668,792,1,3,0
81,87,49.0629,791,1,4,0
81,90,198.5,794,1,1,0
81,94,198.5,794,1,1,0
81,95,98.8748,793,1,2,0
81,96,198.5,794,1,1,0
81,99,32.4593,789,1,6,0
81,101,198.5,794,1,1,0
81,102,98.8748,793,1,2,0
81,104,198.5,794,1,1,0
81,106,65.6668,792,1,3,0
81,107,198.5,794,1,1,0
81,109,39.1007,790,1,5,0
81,110,98.8748,793,1,2,0
81,113,198.5,794,1,1,0
81,114,198.5,794,1,1,0
81,117,49.0629,791,1,4,0
81,118,49.0629,791,1,4,0
81,119,198.5,794,1,1,0
81,120,98.8748,793,1,2,0
81,121,98.8748,793,1,2,0
81,123,198.5,794,1,1,0
81,124,32.4593,789,1,6,0
81,129,32.4593,789,1,6,0
81,130,198.5,794,1,1,0
81,131,198.5,794,1,1,0
81,137,198.5,794,1,1,0
81,140,98.8748,793,1,2,0
81,143,98.8748,793,1,2,0
81,144,198.5,794,1,1,0
81,146,198.5,794,1,1,0
81,148,98.8748,793,1,2,0
81,150,49.0629,791,1,4,0
81,154,65.6668,792,1,3,0
81,156,198.5,794,1,1,0
81,160,198.5,795,0,0,1
81,161,24.1579,787,1,8,0
81,164,49.0629,791,1,4,0
81,170,198.5,794,1,1,0
82,84,39.1007,790,1,5,0
82,85,65.6668,792,1,3,0
82,87,49.0629,791,1,4,0
82,90,198.5,794,1,1,0
82,94,198.5,794,1,1,0
82,95,98.8748,793,1,2,0
82,96,198.5,794,1,1,0
82,99,32.4593,789,1,6,0
82,101,198.5,794,1,1,0
82,102,98.8748,793,1,2,0
82,104,198.5,794,1,1,0
82,106,65.6668,792,1,3,0
82,107,198.5,794,1,1,0
82,109,39.1007,790,1,5,0
82,110,98.8748,793,1,2,0
82,113,198.5,794,1,1,0
82,114,198.5,794,1,1,0
82,117,49.0629,791,1,4,0
82,118,49.0629,791,1,4,0
82,119,198.5,794,1,1,0
82,120,98.8748,793,1,2,0
82,121,98.8748,793,1,2,0
82,123,198.5,794,1,1,0
82,124,32.4593,789,1,6,0
82,129,32.4593,789,1,6,0
82,130,198.5,794,1,1,0
82,131,198.5,794,1,1,0
82,137,198.5,794,1,1,0
82,140,98.8748,793,1,2,0
82,143,98.8748,793,1,2,0
82,144,198.5,794,1,1,0
82,146,198.5,794,1,1,0
82,148,98.8748,793,1,2,0
82,150,49.0629,791,1,4,0
82,154,65.6668,792,1,3,0
82,156,198.5,794,1,1,0
82,160,198.5,794,1,1,0
82,161,24.1579,787,1,8,0
82,164,49.0629,791,1,4,0
82,170,198.5,794,1,1,0
84,90,39.1007,790,5,1,0
84,94,39.1007,790,5,1,0
84,96,39.1007,790,5,1,0
84,101,39.1007,790,5,1,0
84,104,39.1007,790,5,1,0
84,107,39.1007,790,5,1,0
84,113,39.1007,790,5,1,0
84,114,39.1007,790,5,1,0
84,119,39.1007,790,5,1,0
84,123,39.1007,790,5,1,0
84,130,39.1007,790,5,1,0
84,131,39.1007,790,5,1,0
84,137,39.1007,790,5,1,0
84,144,39.1007,790,5,1,0
84,146,39.1007,790,5,1,0
84,156,39.1007,790,5,1,0
84,160,39.1007,790,5,1,0
84,170,39.1007,790,5,1,0
85,90,65.6668,792,3,1,0
85,94,65.6668,792,3,1,0
85,95,32.3773,791,3,2,0
85,96,65.6668,792,3,1,0
85,101,65.6668,792,3,1,0
85,102,32.3773,791,3,2,0
85,104,65.6668,792,3,1,0
85,106,21.2825,790,3,3,0
85,107,65.6668,792,3,1,0
85,110,32.3773,791,3,2,0
85,113,65.6668,792,3,1,0
85,114,65.6668,792,3,1,0
85,119,65.6668,792,3,1,0
85,120,32.3773,791,3,2,0
85,121,32.3773,791,3,2,0
85,123,65.6668,792,3,1,0
85,130,65.6668,792,3,1,0
85,131,65.6668,792,3,1,0
85,137,65.6668,792,3,1,0
85,140,32.3773,791,3,2,0
85,143,32.3773,791,3,2,0
85,144,65.6668,792,3,1,0
85,146,65.6668,792,3,1,0
85,148,32.3773,791,3,2,0
85,154,21.2825,790,3,3,0
85,156,65.6668,792,3,1,0
85,160,65.6668,792,3,1,0
85,170,65.6668,792,3,1,0
87,90,49.0629,791,4,1,0
87,94,49.0629,791,4,1,0
87,95,24.0661,790,4,2,0
87,96,49.0629,791,4,1,0
87,101,49.0629,791,4,1,0
87,102,24.0661,790,4,2,0
87,104,49.0629,791,4,1,0
87,107,49.0629,791,4,1,0
87,110,24.0661,790,4,2,0
87,113,49.0629,791,4,1,0
87,114,49.0629,791,4,1,0
87,119,49.0629,791,4,1,0
87,120,24.0661,790,4,2,0
87,121,24.0661,790,4,2,0
87,123,49.0629,791,4,1,0
87,130,49.0629,791,4,1,0
87,131,49.0629,791,4,1,0
87,137,49.0629,791,4,1,0
87,140,24.0661,790,4,2,0
87,143,24.0661,790,4,2,0
87,144,49.0629,791,4,1,0
87,146,49.0629,791,4,1,0
87,148,24.0661,790,4,2,0
87,156,49.0629,791,4,1,0
87,160,49.0629,791,4,1,0
87,170,49.0629,791,4,1,0
90,94,198.5,794,1,1,0
90,95,98.8748,793,1,2,0
90,96,198.5,794,1,1,0
90,99,32.4593,789,1,6,0
90,101,198.5,794,1,1,0
90,102,98.8748,793,1,2,0
90,104,198.5,794,1,1,0
90,106,65.6668,792,1,3,0
90,107,198.5,794,1,1,0
90,109,39.1007,790,1,5,0
90,110,98.8748,793,1,2,0
90,113,198.5,794,1,1,0
90,114,198.5,794,1,1,0
90,117,49.0629,791,1,4,0
90,118,49.0629,791,1,4,0
90,119,198.5,794,1,1,0
90,120,98.8748,793,1,2,0
90,121,98.8748,793,1,2,0
90,123,198.5,794,1,1,0
90,124,32.4593,789,1,6,0
90,129,32.4593,789,1,6,0
90,130,198.5,794,1,1,0
90,131,198.5,794,1,1,0
90,137,198.5,794,1,1,0
90,140,98.8748,793,1,2,0
90,143,98.8748,793,1,2,0
90,144,198.5,794,1,1,0
90,146,198.5,794,1,1,0
90,148,98.8748,793,1,2,0
90,150,49.0629,791,1,4,0
90,154,65.6668,792,1,3,0
90,156,198.5,794,1,1,0
90,160,198.5,794,1,1,0
90,161,24.1579,787,1,8,0
90,164,49.0629,791,1,4,0
90,170,198.5,794,1,1,0
94,95,98.8748,793,1,2,0
94,96,198.5,794,1,1,0
94,99,32.4593,789,1,6,0
94,101,198.5,794,1,1,0
94,102,98.8748,793,1,2,0
94,104,198.5,794,1,1,0
94,106,65.6668,792,1,3,0
94,107,198.5,794,1,1,0
94,109,39.1007,790,1,5,0
94,110,98.8748,793,1,2,0
94,113,198.5,794,1,1,0
94,114,198.5,794,1,1,0
94,117,49.0629,791,1,4,0
94,118,49.0629,791,1,4,0
94,119,198.5,794,1,1,0
94,120,98.8748,793,1,2,0
94,121,98.8748,793,1,2,0
94,123,198.5,794,1,1,0
94,124,32.4593,789,1,6,0
94,129,32.4593,789,1,6,0
94,130,198.5,794,1,1,0
94,131,198.5,794,1,1,0
94,137,198.5,794,1,1,0
94,140,98.8748,793,1,2,0
94,143,98.8748,793,1,2,0
94,144,198.5,794,1,1,0
94,146,198.5,794,1,1,0
94,148,98.8748,793,1,2,0
94,150,49.0629,791,1,4,0
94,154,65.6668,792,1,3,0
94,156,198.5,794,1,1,0
94,160,198.5,794,1,1,0
94,161,24.1579,787,1,8,0
94,164,49.0629,791,1,4,0
94,170,198.5,794,1,1,0
95,96,98.8748,793,2,1,0
95,101,98.8748,793,2,1,0
95,102,49.0009,792,2,2,0
95,104,98.8748,793,2,1,0
95,106,32.3773,791,2,3,0
95,107,98.8748,793,2,1,0
95,110,49.0009,792,2,2,0
95,113,98.8748,793,2,1,0
95,114,98.8748,793,2,1,0
95,117,24.0661,790,2,4,0
95,118,24.0661,790,2,4,0
95,119,98.8748,793,2,1,0
95,120,49.0009,792,2,2,0
95,121,49.0009,792,2,2,0
95,123,98.8748,793,2,1,0
95,130,98.8748,793,2,1,0
95,131,98.8748,793,2,1,0
95,137,98.8748,793,2,1,0
95,140,49.0009,792,2,2,0
95,143,49.0009,792,2,2,0
95,144,98.8748,793,2,1,0
95,146,98.8748,793,2,1,0
95,148,49.0009,792,2,2,0
95,150,24.0661,790,2,4,0
95,154,32.3773,791,2,3,0
95,156,98.8748,793,2,1,0
95,160,98.8748,793,2,1,0
95,164,24.0661,790,2,4,0
95,170,98.8748,793,2,1,0
96,99,32.4593,789,1,6,0
96,101,198.5,794,1,1,0
96,102,98.8748,793,1,2,0
96,104,198.5,794,1,1,0
96,106,65.6668,792,1,3,0
96,107,198.5,794,1,1,0
96,109,39.1007,790,1,5,0
96,110,98.8748,793,1,2,0
96,113,198.5,794,1,1,0
96,114,198.5,794,1,1,0
96,117,49.0629,791,1,4,0
96,118,49.0629,791,1,4,0
96,119,198.5,794,1,1,0
96,120,98.8748,793,1,2,0
96,121,98.8748,793,1,2,0
96,123,198.5,794,1,1,0
96,124,32.4593,789,1,6,0
96,129,32.4593,789,1,6,0
96,130,198.5,794,1,1,0
96,131,198.5,794,1,1,0
96,137,198.5,794,1,1,0
96,140,98.8748,793,1,2,0
96,143,98.8748,793,1,2,0
96,144,198.5,794,1,1,0
96,146,198.5,794,1,1,0
96,148,98.8748,793,1,2,0
96,150,49.0629,791,1,4,0
96,154,65.6668,792,1,3,0
96,156,198.5,794,1,1,0
96,160,198.5,794,1,1,0
96,161,24.1579,787,1,8,0
96,164,49.0629,791,1,4,0
96,170,198.5,794,1,1,0
99,101,32.4593,789,6,1,0
99,104,32.4593,789,6,1,0
99,107,32.4593,789,6,1,0
99,113,32.4593,789,6,1,0
99,114,32.4593,789,6,1,0
99,119,32.4593,789,6,1,0
99,123,32.4593,789,6,1,0
99,130,32.4593,789,6,1,0
99,131,32.4593,789,6,1,0
99,137,32.4593,789,6,1,0
99,144,32.4593,789,6,1,0
99,146,32.4593,789,6,1,0
99,156,32.4593,789,6,1,0
99,160,32.4593,789,6,1,0
99,170,32.4593,789,6,1,0
101,102,98.8748,793,1,2,0
101,104,198.5,794,1,1,0
101,106,65.6668,792,1,3,0
101,107,198.5,794,1,1,0
101,109,39.1007,790,1,5,0
101,110,98.8748,793,1,2,0
101,113,198.5,794,1,1,0
101,114,198.5,795,0,0,1
101,117,49.0629,791,1,4,0
101,118,49.0629,791,1,4,0
101,119,198.5,794,1,1,0
101,120,98.8748,793,1,2,0
101,121,98.8748,793,1,2,0
101,123,198.5,794,1,1,0
101,124,32.4593,789,1,6,0
101,129,32.4593,789,1,6,0
101,130,198.5,794,1,1,0
101,131,198.5,794,1,1,0
101,137,198.5,794,1,1,0
101,140,98.8748,793,1,2,0
101,143,98.8748,793,1,2,0
101,144,198.5,794,1,1,0
101,146,198.5,794,1,1,0
101,148,98.8748,793,1,2,0
101,150,49.0629,791,1,4,0
101,154,65.6668,792,1,3,0
101,156,198.5,794,1,1,0
101,160,198.5,794,1,1,0
101,161,24.1579,787,1,8,0
101,164,49.0629,791,1,4,0
101,170,198.5,794,1,1,0
102,104,98.8748,793,2,1,0
102,106,32.3773,791,2,3,0
102,107,98.8748,793,2,1,0
102,110,49.0009,792,2,2,0
102,113,98.8748,793,2,1,0
102,114,98.8748,793,2,1,0
102,117,24.0661,790,2,4,0
102,118,24.0661,790,2,4,0
102,119,98.8748,793,2,1,0
102,120,49.0009,792,2,2,0
102,121,49.0009,792,2,2,0
102,123,98.8748,793,2,1,0
102,130,98.8748,793,2,1,0
102,131,98.8748,793,2,1,0
102,137,98.8748,793,2,1,0
102,140,49.0009,792,2,2,0
102,143,49.0009,792,2,2,0
102,144,98.8748,793,2,1,0
102,146,98.8748,793,2,1,0
102,148,49.0009,792,2,2,0
102,150,24.0661,790,2,4,0
102,154,32.3773,791,2,3,0
102,156,98.8748,793,2,1,0
102,160,98.8748,793,2,1,0
102,164,24.0661,790,2,4,0
102,170,98.8748,793,2,1,0
104,106,65.6668,792,1,3,0
104,107,198.5,794,1,1,0
104,109,39.1007,790,1,5,0
104,110,98.8748,793,1,2,0
104,113,198.5,794,1,1,0
104,114,198.5,794,1,1,0
104,117,49.0629,791,1,4,0
104,118,49.0629,791,1,4,0
104,119,198.5,794,1,1,0
104,120,98.8748,793,1,2,0
104,121,98.8748,793,1,2,0
104,123,198.5,794,1,1,0
104,124,32.4593,789,1,6,0
104,129,32.4593,789,1,6,0
104,130,198.5,794,1,1,0
104,131,198.5,794,1,1,0
104,137,198.5,794,1,1,0
104,140,98.8748,793,1,2,0
104,143,98.8748,793,1,2,0
104,144,198.5,794,1,1,0
104,146,198.5,794,1,1,0
104,148,98.8748,793,1,2,0
104,150,49.0629,791,1,4,0
104,154,65.6668,792,1,3,0
104,156,198.5,794,1,1,0
104,160,198.5,794,1,1,0
104,161,24.1579,788,0,7,1
104,164,49.0629,791,1,4,0
104,170,198.5,794,1,1,0
106,107,65.6668,792,3,1,0
106,110,32.3773,791,3,2,0
106,113,65.6668,792,3,1,0
106,114,65.6668,792,3,1,0
106,119,65.6668,792,3,1,0
106,120,32.3773,791,3,2,0
106,121,32.3773,791,3,2,0
106,123,65.6668,792,3,1,0
106,130,65.6668,792,3,1,0
106,131,65.6668,792,3,1,0
106,137,65.6668,792,3,1,0
106,140,32.3773,791,3,2,0
106,143,32.3773,791,3,2,0
106,144,65.6668,792,3,1,0
106,146,65.6668,792,3,1,0
106,148,32.3773,791,3,2,0
106,154,21.2825,790,3,3,0
106,156,65.6668,792,3,1,0
106,160,65.6668,792,3,1,0
106,170,65.6668,792,3,1,0
107,109,39.1007,790,1,5,0
107,110,98.8748,793,1,2,0
107,113,198.5,794,1,1,0
107,114,198.5,794,1,1,0
107,117,49.0629,791,1,4,0
107,118,49.0629,791,1,4,0
107,119,198.5,794,1,1,0
107,120,98.8748,793,1,2,0
107,121,98.8748,793,1,2,0
107,123,198.5,794,1,1,0
107,124,32.4593,789,1,6,0
107,129,32.4593,789,1,6,0
107,130,198.5,794,1,1,0
107,131,198.5,794,1,1,0
107,137,198.5,794,1,1,0
107,140,98.8748,793,1,2,0
107,143,98.8748,793,1,2,0
107,144,198.5,794,1,1,0
107,146,198.5,794,1,1,0
107,148,98.8748,793,1,2,0
107,150,49.0629,791,1,4,0
107,154,65.6668,792,1,3,0
107,156,198.5,794,1,1,0
107,160,198.5,794,1,1,0
107,161,24.1579,787,1,8,0
107,164,49.0629,791,1,4,0
107,170,198.5,794,1,1,0
109,113,39.1007,790,5,1,0
109,114,39.1007,790,5,1,0
109,119,39.1007,790,5,1,0
109,123,39.1007,790,5,1,0
109,130,39.1007,790,5,1,0
109,131,39.1007,790,5,1,0
109,137,39.1007,790,5,1,0
109,144,39.1007,790,5,1,0
109,146,39.1007,790,5,1,0
109,156,39.1007,790,5,1,0
109,160,39.1007,790,5,1,0
109,170,39.1007,790,5,1,0
110,113,98.8748,793,2,1,0
110,114,98.8748,793,2,1,0
110,117,24.0661,790,2,4,0
110,118,24.0661,790,2,4,0
110,119,98.8748,793,2,1,0
110,120,49.0009,792,2,2,0
110,121,49.0009,792,2,2,0
110,123,98.8748,793,2,1,0
110,130,98.8748,793,2,1,0
110,131,98.8748,793,2,1,0
110,137,98.8748,793,2,1,0
110,140,49.0009,792,2,2,0
110,143,49.0009,792,2,2,0
110,144,98.8748,793,2,1,0
110,146,98.8748,793,2,1,0
110,148,49.0009,792,2,2,0
110,150,24.0661,790,2,4,0
110,154,32.3773,791,2,3,0
110,156,98.8748,793,2,1,0
110,160,98.8748,793,2,1,0
110,164,24.0661,790,2,4,0
110,170,98.8748,793,2,1,0
111,112,26.7558,533,90,173,0
113,114,198.5,794,1,1,0
113,117,49.0629,791,1,4,0
113,118,49.0629,791,1,4,0
113,119,198.5,794,1,1,0
113,120,98.8748,793,1,2,0
113,121,98.8748,793,1,2,0
113,123,198.5,794,1,1,0
113,124,32.4593,789,1,6,0
113,129,32.4593,789,1,6,0
113,130,198.5,794,1,1,0
113,131,198.5,794,1,1,0
113,137,198.5,794,1,1,0
113,140,98.8748,793,1,2,0
113,143,98.8748,793,1,2,0
113,144,198.5,794,1,1,0
113,146,198.5,794,1,1,0
113,148,98.8748,793,1,2,0
113,150,49.0629,791,1,4,0
113,154,65.6668,792,1,3,0
113,156,198.5,794,1,1,0
113,160,198.5,794,1,1,0
113,161,24.1579,788,0,7,1
113,164,49.0629,791,1,4,0
113,170,198.5,794,1,1,0
114,117,49.0629,791,1,4,0
114,118,49.0629,791,1,4,0
114,119,198.5,794,1,1,0
114,120,98.8748,793,1,2,0
114,121,98.8748,793,1,2,0
114,123,198.5,794,1,1,0
114,124,32.4593,789,1,6,0
114,129,32.4593,789,1,6,0
114,130,198.5,794,1,1,0
114,131,198.5,794,1,1,0
114,137,198.5,794,1,1,0
114,140,98.8748,793,1,2,0
114,143,98.8748,793,1,2,0
114,144,198.5,794,1,1,0
114,146,198.5,794,1,1,0
114,148,98.8748,793,1,2,0
114,150,49.0629,791,1,4,0
114,154,65.6668,792,1,3,0
114,156,198.5,794,1,1,0
114,160,198.5,794,1,1,0
114,161,24.1579,787,1,8,0
114,164,49.0629,791,1,4,0
114,170,198.5,794,1,1,0
117,119,49.0629,791,4,1,0
117,120,24.0661,790,4,2,0
117,121,24.0661,790,4,2,0
117,123,49.0629,791,4,1,0
117,130,49.0629,791,4,1,0
117,131,49.0629,791,4,1,0
117,137,49.0629,791,4,1,0
117,140,24.0661,790,4,2,0
117,143,24.0661,790,4,2,0
117,144,49.0629,791,4,1,0
117,146,49.0629,791,4,1,0
117,148,24.0661,790,4,2,0
117,156,49.0629,791,4,1,0
117,160,49.0629,791,4,1,0
117,170,49.0629,791,4,1,0
118,119,49.0629,791,4,1,0
118,120,24.0661,790,4,2,0
118,121,24.0661,790,4,2,0
118,123,49.0629,791,4,1,0
118,130,49.0629,791,4,1,0
118,131,49.0629,791,4,1,0
118,137,49.0629,791,4,1,0
118,140,24.0661,790,4,2,0
118,143,24.0661,790,4,2,0
118,144,49.0629,791,4,1,0
118,146,49.0629,791,4,1,0
118,148,24.0661,790,4,2,0
118,156,49.0629,791,4,1,0
118,160,49.0629,791,4,1,0
118,170,49.0629,791,4,1,0
119,120,98.8748,793,1,2,0
119,121,98.8748,793,1,2,0
119,123,198.5,794,1,1,0
119,124,32.4593,789,1,6,0
119,129,32.4593,789,1,6,0
119,130,198.5,794,1,1,0
119,131,198.5,794,1,1,0
119,137,198.5,794,1,1,0
119,140,98.8748,793,1,2,0
119,143,98.8748,793,1,2,0
119,144,198.5,794,1,1,0
119,146,198.5,794,1,1,0
119,148,98.8748,793,1,2,0
119,150,49.0629,791,1,4,0
119,154,65.6668,792,1,3,0
119,156,198.5,794,1,1,0
119,160,198.5,794,1,1,0
119,161,24.1579,787,1,8,0
119,164,49.0629,791,1,4,0
119,170,198.5,794,1,1,0
120,121,49.0009,792,2,2,0
120,123,98.8748,793,2,1,0
120,130,98.8748,793,2,1,0
120,131,98.8748,793,2,1,0
120,137,98.8748,793,2,1,0
120,140,49.0009,792,2,2,0
120,143,49.0009,792,2,2,0
120,144,98.8748,793,2,1,0
120,146,98.8748,793,2,1,0
120,148,49.0009,792,2,2,0
120,150,24.0661,790,2,4,0
120,154,32.3773,791,2,3,0
120,156,98.8748,793,2,1,0
120,160,98.8748,793,2,1,0
120,164,24.0661,790,2,4,0
120,170,98.8748,793,2,1,0
121,123,98.8748,793,2,1,0
121,130,98.8748,793,2,1,0
121,131,98.8748,793,2,1,0
121,137,98.8748,793,2,1,0
121,140,49.0009,792,2,2,0
121,143,49.0009,792,2,2,0
121,144,98.8748,793,2,1,0
121,146,98.8748,793,2,1,0
121,148,49.0009,792,2,2,0
121,150,24.0661,790,2,4,0
121,154,32.3773,791,2,3,0
121,156,98.8748,793,2,1,0
121,160,98.8748,793,2,1,0
121,164,24.0661,790,2,4,0
121,170,98.8748,793,2,1,0
123,124,32.4593,789,1,6,0
123,129,32.4593,789,1,6,0
123,130,198.5,794,1,1,0
123,131,198.5,794,1,1,0
123,137,198.5,794,1,1,0
123,140,98.8748,793,1,2,0
123,143,98.8748,793,1,2,0
123,144,198.5,794,1,1,0
123,146,198.5,794,1,1,0
123,148,98.8748,793,1,2,0
123,150,49.0629,791,1,4,0
123,154,65.6668,792,1,3,0
123,156,198.5,794,1,1,0
123,160,198.5,794,1,1,0
123,161,24.1579,787,1,8,0
123,164,49.0629,791,1,4,0
123,170,198.5,794,1,1,0
124,130,32.4593,789,6,1,0
124,131,32.4593,789,6,1,0
124,137,32.4593,789,6,1,0
124,144,32.4593,790,5,0,1
124,146,32.4593,789,6,1,0
124,156,32.4593,789,6,1,0
124,160,32.4593,789,6,1,0
124,170,32.4593,789,6,1,0
129,130,32.4593,789,6,1,0
129,131,32.4593,789,6,1,0
129,137,32.4593,789,6,1,0
129,144,32.4593,789,6,1,0
129,146,32.4593,789,6,1,0
129,156,32.4593,789,6,1,0
129,160,32.4593,789,6,1,0
129,170,32.4593,789,6,1,0
130,131,198.5,794,1,1,0
130,137,198.5,794,1,1,0
130,140,98.8748,793,1,2,0
130,143,98.8748,793,1,2,0
130,144,198.5,794,1,1,0
130,146,198.5,794,1,1,0
130,148,98.8748,793,1,2,0
130,150,49.0629,791,1,4,0
130,154,65.6668,792,1,3,0
130,156,198.5,794,1,1,0
130,160,198.5,794,1,1,0
130,161,24.1579,787,1,8,0
130,164,49.0629,791,1,4,0
130,170,198.5,794,1,1,0
131,137,198.5,794,1,1,0
131,140,98.8748,793,1,2,0
131,143,98.8748,793,1,2,0
131,144,198.5,794,1,1,0
131,146,198.5,794,1,1,0
131,148,98.8748,793,1,2,0
131,150,49.0629,791,1,4,0
131,154,65.6668,792,1,3,0
131,156,198.5,794,1,1,0
131,160,198.5,794,1,1,0
131,161,24.1579,787,1,8,0
131,164,49.0629,791,1,4,0
131,170,198.5,794,1,1,0
137,140,98.8748,793,1,2,0
137,143,98.8748,793,1,2,0
137,144,198.5,794,1,1,0
137,146,198.5,794,1,1,0
137,148,98.8748,793,1,2,0
137,150,49.0629,791,1,4,0
137,154,65.6668,792,1,3,0
137,156,198.5,794,1,1,0
137,160,198.5,794,1,1,0
137,161,24.1579,787,1,8,0
137,164,49.0629,791,1,4,0
137,170,198.5,794,1,1,0
140,143,49.0009,792,2,2,0
140,144,98.8748,793,2,1,0
140,146,98.8748,793,2,1,0
140,148,49.0009,792,2,2,0
140,150,24.0661,790,2,4,0
140,154,32.3773,791,2,3,0
140,156,98.8748,793,2,1,0
140,160,98.8748,793,2,1,0
140,164,24.0661,790,2,4,0
140,170,98.8748,793,2,1,0
143,144,98.8748,793,2,1,0
143,146,98.8748,793,2,1,0
143,148,49.0009,792,2,2,0
143,150,24.0661,790,2,4,0
143,154,32.3773,791,2,3,0
143,156,98.8748,793,2,1,0
143,160,98.8748,793,2,1,0
143,164,24.0661,790,2,4,0
143,170,98.8748,793,2,1,0
144,146,198.5,794,1,1,0
144,148,98.8748,793,1,2,0
144,150,49.0629,791,1,4,0
144,154,65.6668,792,1,3,0
144,156,198.5,794,1,1,0
144,160,198.5,794,1,1,0
144,161,24.1579,787,1,8,0
144,164,49.0629,791,1,4,0
144,170,198.5,794,1,1,0
146,148,98.8748,793,1,2,0
146,150,49.0629,791,1,4,0
146,154,65.6668,792,1,3,0
146,156,198.5,794,1,1,0
146,160,198.5,794,1,1,0
146,161,24.1579,787,1,8,0
146,164,49.0629,791,1,4,0
146,170,198.5,794,1,1,0
148,150,24.0661,790,2,4,0
148,154,32.3773,791,2,3,0
148,156,98.8748,793,2,1,0
148,160,98.8748,793,2,1,0
148,164,24.0661,790,2,4,0
148,170,98.8748,793,2,1,0
150,156,49.0629,791,4,1,0
150,160,49.0629,791,4,1,0
150,170,49.0629,791,4,1,0
154,156,65.6668,792,3,1,0
154,160,65.6668,792,3,1,0
154,170,65.6668,792,3,1,0
156,160,198.5,794,1,1,0
156,161,24.1579,787,1,8,0
156,164,49.0629,791,1,4,0
156,170,198.5,794,1,1,0
160,161,24.1579,787,1,8,0
160,164,49.0629,791,1,4,0
160,170,198.5,794,1,1,0
161,170,24.1579,787,8,1,0
164,170,49.0629,791,4,1,0
