i,j,chisq
5,8,249.5
5,15,124.375
5,16,24.2768
5,17,249.5
5,18,124.375
5,19,249.5
5,20,49.3006
5,21,124.375
5,23,124.375
5,24,82.6668
5,27,49.3006
5,33,249.5
5,34,249.5
5,42,124.375
5,43,249.5
5,45,49.3006
5,46,249.5
5,48,30.5325
5,49,249.5
5,50,124.375
5,51,249.5
5,52,124.375
5,53,124.375
5,55,249.5
5,56,124.375
5,57,249.5
5,61,30.5325
5,62,249.5
5,63,61.8128
5,64,249.5
5,65,249.5
5,67,40.9591
5,69,61.8128
5,71,24.2768
5,72,124.375
5,73,124.375
5,74,82.6668
5,75,124.375
5,81,124.375
5,82,249.5
5,84,49.3006
5,85,61.8128
5,86,22.0021
5,87,61.8128
5,90,249.5
5,94,124.375
5,95,124.375
5,96,249.5
5,99,35.001
5,101,249.5
5,102,82.6668
5,104,249.5
5,106,82.6668
5,107,249.5
5,108,249.5
5,109,49.3006
5,110,124.375
5,113,249.5
5,114,249.5
5,117,61.8128
5,118,40.9591
5,119,249.5
5,120,82.6668
5,121,82.6668
5,122,82.6668
5,123,249.5
5,124,30.5325
5,129,30.5325
5,130,249.5
5,131,124.375
5,137,249.5
5,140,124.375
5,143,82.6668
5,144,249.5
5,146,249.5
5,148,124.375
5,150,35.001
5,151,249.5
5,154,82.6668
5,156,249.5
5,157,249.5
5,160,249.5
5,164,49.3006
5,167,249.5
5,170,249.5
8,15,124.375
8,16,24.2768
8,17,249.5
8,18,124.375
8,19,249.5
8,20,49.3006
8,21,124.375
8,23,124.375
8,24,82.6668
8,27,49.3006
8,33,249.5
8,34,249.5
8,42,124.375
8,43,249.5
8,45,49.3006
8,46,249.5
8,48,30.5325
8,49,249.5
8,50,124.375
8,51,249.5
8,52,124.375
8,53,124.375
8,55,249.5
8,56,124.375
8,57,249.5
8,61,30.5325
8,62,249.5
8,63,61.8128
8,64,249.5
8,65,249.5
8,67,40.9591
8,69,61.8128
8,71,24.2768
8,72,124.375
8,73,124.375
8,74,82.6668
8,75,124.375
8,81,124.375
8,82,249.5
8,84,49.3006
8,85,61.8128
8,86,22.0021
8,87,61.8128
8,90,249.5
8,94,124.375
8,95,124.375
8,96,249.5
8,99,35.001
8,101,249.5
8,102,82.6668
8,104,249.5
8,106,82.6668
8,107,249.5
8,108,249.5
8,109,49.3006
8,110,124.375
8,113,249.5
8,114,249.5
8,117,61.8128
8,118,40.9591
8,119,249.5
8,120,82.6668
8,121,82.6668
8,122,82.6668
8,123,249.5
8,124,30.5325
8,129,30.5325
8,130,249.5
8,131,124.375
8,137,249.5
8,140,124.375
8,143,82.6668
8,144,249.5
8,146,249.5
8,148,124.375
8,150,35.001
8,151,249.5
8,154,82.6668
8,156,249.5
8,157,249.5
8,160,249.5
8,164,49.3006
8,167,249.5
8,170,249.5
15,17,124.375
15,18,61.7508
15,19,124.375
15,20,24.179
15,21,61.7508
15,23,61.7508
15,24,40.8768
15,27,24.179
15,33,124.375
15,34,124.375
15,42,61.7508
15,43,124.375
15,45,24.179
15,46,124.375
15,49,124.375
15,50,61.7508
15,51,124.375
15,52,61.7508
15,53,61.7508
15,55,124.375
15,56,61.7508
15,57,124.375
15,62,124.375
15,63,30.4404
15,64,124.375
15,65,124.375
15,67,20.0051
15,69,30.4404
15,72,61.7508
15,73,61.7508
15,74,40.8768
15,75,61.7508
15,81,61.7508
15,82,124.375
15,84,24.179
15,85,30.4404
15,87,30.4404
15,90,124.375
15,94,61.7508
15,95,61.7508
15,96,124.375
15,101,124.375
15,102,40.8768
15,104,124.375
15,106,40.8768
15,107,124.375
15,108,124.375
15,109,24.179
15,110,61.7508
15,113,124.375
15,114,124.375
15,117,30.4404
15,118,20.0051
15,119,124.375
15,120,40.8768
15,121,40.8768
15,122,40.8768
15,123,124.375
15,130,124.375
15,131,61.7508
15,137,124.375
15,140,61.7508
15,143,40.8768
15,144,124.375
15,146,124.375
15,148,61.7508
15,151,124.375
15,154,40.8768
15,156,124.375
15,157,124.375
15,160,124.375
15,164,24.179
15,167,124.375
15,170,124.375
16,17,24.2768
16,19,24.2768
16,33,24.2768
16,34,24.2768
16,43,24.2768
16,46,24.2768
16,49,24.2768
16,51,24.2768
16,55,24.2768
16,57,24.2768
16,62,24.2768
16,64,24.2768
16,65,24.2768
16,82,24.2768
16,90,24.2768
16,96,24.2768
16,101,24.2768
16,104,24.2768
16,107,24.2768
16,108,24.2768
16,113,24.2768
16,114,24.2768
16,119,24.2768
16,123,24.2768
16,130,24.2768
16,137,24.2768
16,144,24.2768
16,146,24.2768
16,151,24.2768
16,156,24.2768
16,157,24.2768
16,160,24.2768
16,167,24.2768
16,170,24.2768
17,18,124.375
17,19,249.5
17,20,49.3006
17,21,124.375
17,23,124.375
17,24,82.6668
17,27,49.3006
17,33,249.5
17,34,249.5
17,42,124.375
17,43,249.5
17,45,49.3006
17,46,249.5
17,48,30.5325
17,49,249.5
17,50,124.375
17,51,249.5
17,52,124.375
17,53,124.375
17,55,249.5
17,56,124.375
17,57,249.5
17,61,30.5325
17,62,249.5
17,63,61.8128
17,64,249.5
17,65,249.5
17,67,40.9591
17,69,61.8128
17,71,24.2768
17,72,124.375
17,73,124.375
17,74,82.6668
17,75,124.375
17,81,124.375
17,82,249.5
17,84,49.3006
17,85,61.8128
17,86,22.0021
17,87,61.8128
17,90,249.5
17,94,124.375
17,95,124.375
17,96,249.5
17,99,35.001
17,101,249.5
17,102,82.6668
17,104,249.5
17,106,82.6668
17,107,249.5
17,108,249.5
17,109,49.3006
17,110,124.375
17,113,249.5
17,114,249.5
17,117,61.8128
17,118,40.9591
17,119,249.5
17,120,82.6668
17,121,82.6668
17,122,82.6668
17,123,249.5
17,124,30.5325
17,129,30.5325
17,130,249.5
17,131,124.375
17,137,249.5
17,140,124.375
17,143,82.6668
17,144,249.5
17,146,249.5
17,148,124.375
17,150,35.001
17,151,249.5
17,154,82.6668
17,156,249.5
17,157,249.5
17,160,249.5
17,164,49.3006
17,167,249.5
17,170,249.5
18,19,124.375
18,20,24.179
18,21,61.7508
18,23,61.7508
18,24,40.8768
18,27,24.179
18,33,124.375
18,34,124.375
18,42,61.7508
18,43,124.375
18,45,24.179
18,46,124.375
18,49,124.375
18,50,61.7508
18,51,124.375
18,52,61.7508
18,53,61.7508
18,55,124.375
18,56,61.7508
18,57,124.375
18,62,124.375
18,63,30.4404
18,64,124.375
18,65,124.375
18,67,20.0051
18,69,30.4404
18,72,61.7508
18,73,61.7508
18,74,40.8768
18,75,61.7508
18,81,61.7508
18,82,124.375
18,84,24.179
18,85,30.4404
18,87,30.4404
18,90,124.375
18,94,61.7508
18,95,61.7508
18,96,124.375
18,101,124.375
18,102,40.8768
18,104,124.375
18,106,40.8768
18,107,124.375
18,108,124.375
18,109,24.179
18,110,61.7508
18,113,124.375
18,114,124.375
18,117,30.4404
18,118,20.0051
18,119,124.375
18,120,40.8768
18,121,40.8768
18,122,40.8768
18,123,124.375
18,130,124.375
18,131,61.7508
18,137,124.375
18,140,61.7508
18,143,40.8768
18,144,124.375
18,146,124.375
18,148,61.7508
18,151,124.375
18,154,40.8768
18,156,124.375
18,157,124.375
18,160,124.375
18,164,24.179
18,167,124.375
18,170,124.375
19,20,49.3006
19,21,124.375
19,23,124.375
19,24,82.6668
19,27,49.3006
19,33,249.5
19,34,249.5
19,42,124.375
19,43,249.5
19,45,49.3006
19,46,249.5
19,48,30.5325
19,49,249.5
19,50,124.375
19,51,249.5
19,52,124.375
19,53,124.375
19,55,249.5
19,56,124.375
19,57,249.5
19,61,30.5325
19,62,249.5
19,63,61.8128
19,64,249.5
19,65,249.5
19,67,40.9591
19,69,61.8128
19,71,24.2768
19,72,124.375
19,73,124.375
19,74,82.6668
19,75,124.375
19,81,124.375
19,82,249.5
19,84,49.3006
19,85,61.8128
19,86,22.0021
19,87,61.8128
19,90,249.5
19,94,124.375
19,95,124.375
19,96,249.5
19,99,35.001
19,101,249.5
19,102,82.6668
19,104,249.5
19,106,82.6668
19,107,249.5
19,108,249.5
19,109,49.3006
19,110,124.375
19,113,249.5
19,114,249.5
19,117,61.8128
19,118,40.9591
19,119,249.5
19,120,82.6668
19,121,82.6668
19,122,82.6668
19,123,249.5
19,124,30.5325
19,129,30.5325
19,130,249.5
19,131,124.375
19,137,249.5
19,140,124.375
19,143,82.6668
19,144,249.5
19,146,249.5
19,148,124.375
19,150,35.001
19,151,249.5
19,154,82.6668
19,156,249.5
19,157,249.5
19,160,249.5
19,164,49.3006
19,167,249.5
19,170,249.5
20,21,24.179
20,23,24.179
20,33,49.3006
20,34,49.3006
20,42,24.179
20,43,49.3006
20,46,49.3006
20,49,49.3006
20,50,24.179
20,51,49.3006
20,52,24.179
20,53,24.179
20,55,49.3006
20,56,24.179
20,57,49.3006
20,62,49.3006
20,64,49.3006
20,65,49.3006
20,72,24.179
20,73,24.179
20,75,24.179
20,81,24.179
20,82,49.3006
20,90,49.3006
20,94,24.179
20,95,24.179
20,96,49.3006
20,101,49.3006
20,104,49.3006
20,107,49.3006
20,108,49.3006
20,110,24.179
20,113,49.3006
20,114,49.3006
20,119,49.3006
20,123,49.3006
20,130,49.3006
20,131,24.179
20,137,49.3006
20,140,24.179
20,144,49.3006
20,146,49.3006
20,148,24.179
20,151,49.3006
20,156,49.3006
20,157,49.3006
20,160,49.3006
20,167,49.3006
20,170,49.3006
21,23,61.7508
21,24,40.8768
21,27,24.179
21,33,124.375
21,34,124.375
21,42,61.7508
21,43,124.375
21,45,24.179
21,46,124.375
21,49,124.375
21,50,61.7508
21,51,124.375
21,52,61.7508
21,53,61.7508
21,55,124.375
21,56,61.7508
21,57,124.375
21,62,124.375
21,63,30.4404
21,64,124.375
21,65,124.375
21,67,20.0051
21,69,30.4404
21,72,61.7508
21,73,61.7508
21,74,40.8768
21,75,61.7508
21,81,61.7508
21,82,124.375
21,84,24.179
21,85,30.4404
21,87,30.4404
21,90,124.375
21,94,61.7508
21,95,61.7508
21,96,124.375
21,101,124.375
21,102,40.8768
21,104,124.375
21,106,40.8768
21,107,124.375
21,108,124.375
21,109,24.179
21,110,61.7508
21,113,124.375
21,114,124.375
21,117,30.4404
21,118,20.0051
21,119,124.375
21,120,40.8768
21,121,40.8768
21,122,40.8768
21,123,124.375
21,130,124.375
21,131,61.7508
21,137,124.375
21,140,61.7508
21,143,40.8768
21,144,124.375
21,146,124.375
21,148,61.7508
21,151,124.375
21,154,40.8768
21,156,124.375
21,157,124.375
21,160,124.375
21,164,24.179
21,167,124.375
21,170,124.375
23,24,40.8768
23,27,24.179
23,33,124.375
23,34,124.375
23,42,61.7508
23,43,124.375
23,45,24.179
23,46,124.375
23,49,124.375
23,50,61.7508
23,51,124.375
23,52,61.7508
23,53,61.7508
23,55,124.375
23,56,61.7508
23,57,124.375
23,62,124.375
23,63,30.4404
23,64,124.375
23,65,124.375
23,67,20.0051
23,69,30.4404
23,72,61.7508
23,73,61.7508
23,74,40.8768
23,75,61.7508
23,81,61.7508
23,82,124.375
23,84,24.179
23,85,30.4404
23,87,30.4404
23,90,124.375
23,94,61.7508
23,95,61.7508
23,96,124.375
23,101,124.375
23,102,40.8768
23,104,124.375
23,106,40.8768
23,107,124.375
23,108,124.375
23,109,24.179
23,110,61.7508
23,113,124.375
23,114,124.375
23,117,30.4404
23,118,20.0051
23,119,124.375
23,120,40.8768
23,121,40.8768
23,122,40.8768
23,123,124.375
23,130,124.375
23,131,61.7508
23,137,124.375
23,140,61.7508
23,143,40.8768
23,144,124.375
23,146,124.375
23,148,61.7508
23,151,124.375
23,154,40.8768
23,156,124.375
23,157,124.375
23,160,124.375
23,164,24.179
23,167,124.375
23,170,124.375
24,33,82.6668
24,34,82.6668
24,42,40.8768
24,43,82.6668
24,46,82.6668
24,49,82.6668
24,50,40.8768
24,51,82.6668
24,52,40.8768
24,53,40.8768
24,55,82.6668
24,56,40.8768
24,57,82.6668
24,62,82.6668
24,64,82.6668
24,65,82.6668
24,72,40.8768
24,73,40.8768
24,74,26.9482
24,75,40.8768
24,81,40.8768
24,82,82.6668
24,90,82.6668
24,94,40.8768
24,95,40.8768
24,96,82.6668
24,101,82.6668
24,102,26.9482
24,104,82.6668
24,106,26.9482
24,107,82.6668
24,108,82.6668
24,110,40.8768
24,113,82.6668
24,114,82.6668
24,119,82.6668
24,120,26.9482
24,121,26.9482
24,122,26.9482
24,123,82.6668
24,130,82.6668
24,131,40.8768
24,137,82.6668
24,140,40.8768
24,143,26.9482
24,144,82.6668
24,146,82.6668
24,148,40.8768
24,151,82.6668
24,154,26.9482
24,156,82.6668
24,157,82.6668
24,160,82.6668
24,167,82.6668
24,170,82.6668
27,33,49.3006
27,34,49.3006
27,42,24.179
27,43,49.3006
27,46,49.3006
27,49,49.3006
27,50,24.179
27,51,49.3006
27,52,24.179
27,53,24.179
27,55,49.3006
27,56,24.179
27,57,49.3006
27,58,20.1005
27,62,49.3006
27,64,49.3006
27,65,49.3006
27,72,24.179
27,73,24.179
27,75,24.179
27,81,24.179
27,82,49.3006
27,90,49.3006
27,94,24.179
27,95,24.179
27,96,49.3006
27,101,49.3006
27,104,49.3006
27,107,49.3006
27,108,49.3006
27,110,24.179
27,113,49.3006
27,114,49.3006
27,119,49.3006
27,123,49.3006
27,130,49.3006
27,131,24.179
27,137,49.3006
27,140,24.179
27,144,49.3006
27,146,49.3006
27,148,24.179
27,151,49.3006
27,156,49.3006
27,157,49.3006
27,160,49.3006
27,167,49.3006
27,170,49.3006
33,34,249.5
33,42,124.375
33,43,249.5
33,45,49.3006
33,46,249.5
33,48,30.5325
33,49,249.5
33,50,124.375
33,51,249.5
33,52,124.375
33,53,124.375
33,55,249.5
33,56,124.375
33,57,249.5
33,61,30.5325
33,62,249.5
33,63,61.8128
33,64,249.5
33,65,249.5
33,67,40.9591
33,69,61.8128
33,71,24.2768
33,72,124.375
33,73,124.375
33,74,82.6668
33,75,124.375
33,81,124.375
33,82,249.5
33,84,49.3006
33,85,61.8128
33,86,22.0021
33,87,61.8128
33,90,249.5
33,94,124.375
33,95,124.375
33,96,249.5
33,99,35.001
33,101,249.5
33,102,82.6668
33,104,249.5
33,106,82.6668
33,107,249.5
33,108,249.5
33,109,49.3006
33,110,124.375
33,113,249.5
33,114,249.5
33,117,61.8128
33,118,40.9591
33,119,249.5
33,120,82.6668
33,121,82.6668
33,122,82.6668
33,123,249.5
33,124,30.5325
33,129,30.5325
33,130,249.5
33,131,124.375
33,137,249.5
33,140,124.375
33,143,82.6668
33,144,249.5
33,146,249.5
33,148,124.375
33,150,35.001
33,151,249.5
33,154,82.6668
33,156,249.5
33,157,249.5
33,160,249.5
33,164,49.3006
33,167,249.5
33,170,249.5
34,42,124.375
34,43,249.5
34,45,49.3006
34,46,249.5
34,48,30.5325
34,49,249.5
34,50,124.375
34,51,249.5
34,52,124.375
34,53,124.375
34,55,249.5
34,56,124.375
34,57,249.5
34,61,30.5325
34,62,249.5
34,63,61.8128
34,64,249.5
34,65,249.5
34,67,40.9591
34,69,61.8128
34,71,24.2768
34,72,124.375
34,73,124.375
34,74,82.6668
34,75,124.375
34,81,124.375
34,82,249.5
34,84,49.3006
34,85,61.8128
34,86,22.0021
34,87,61.8128
34,90,249.5
34,94,124.375
34,95,124.375
34,96,249.5
34,99,35.001
34,101,249.5
34,102,82.6668
34,104,249.5
34,106,82.6668
34,107,249.5
34,108,249.5
34,109,49.3006
34,110,124.375
34,113,249.5
34,114,249.5
34,117,61.8128
34,118,40.9591
34,119,249.5
34,120,82.6668
34,121,82.6668
34,122,82.6668
34,123,249.5
34,124,30.5325
34,129,30.5325
34,130,249.5
34,131,124.375
34,137,249.5
34,140,124.375
34,143,82.6668
34,144,249.5
34,146,249.5
34,148,124.375
34,150,35.001
34,151,249.5
34,154,82.6668
34,156,249.5
34,157,249.5
34,160,249.5
34,164,49.3006
34,167,249.5
34,170,249.5
42,43,124.375
42,45,24.179
42,46,124.375
42,49,124.375
42,50,61.7508
42,51,124.375
42,52,61.7508
42,53,61.7508
42,55,124.375
42,56,61.7508
42,57,124.375
42,62,124.375
42,63,30.4404
42,64,124.375
42,65,124.375
42,67,20.0051
42,69,30.4404
42,72,61.7508
42,73,61.7508
42,74,40.8768
42,75,61.7508
42,81,61.7508
42,82,124.375
42,84,24.179
42,85,30.4404
42,87,30.4404
42,90,124.375
42,94,61.7508
42,95,61.7508
42,96,124.375
42,101,124.375
42,102,40.8768
42,104,124.375
42,106,40.8768
42,107,124.375
42,108,124.375
42,109,24.179
42,110,61.7508
42,113,124.375
42,114,124.375
42,117,30.4404
42,118,20.0051
42,119,124.375
42,120,40.8768
42,121,40.8768
42,122,40.8768
42,123,124.375
42,130,124.375
42,131,61.7508
42,137,124.375
42,140,61.7508
42,143,40.8768
42,144,124.375
42,146,124.375
42,148,61.7508
42,151,124.375
42,154,40.8768
42,156,124.375
42,157,124.375
42,160,124.375
42,164,24.179
42,167,124.375
42,170,124.375
43,45,49.3006
43,46,249.5
43,48,30.5325
43,49,249.5
43,50,124.375
43,51,249.5
43,52,124.375
43,53,124.375
43,55,249.5
43,56,124.375
43,57,249.5
43,61,30.5325
43,62,249.5
43,63,61.8128
43,64,249.5
43,65,249.5
43,67,40.9591
43,69,61.8128
43,71,24.2768
43,72,124.375
43,73,124.375
43,74,82.6668
43,75,124.375
43,81,124.375
43,82,249.5
43,84,49.3006
43,85,61.8128
43,86,22.0021
43,87,61.8128
43,90,249.5
43,94,124.375
43,95,124.375
43,96,249.5
43,99,35.001
43,101,249.5
43,102,82.6668
43,104,249.5
43,106,82.6668
43,107,249.5
43,108,249.5
43,109,49.3006
43,110,124.375
43,113,249.5
43,114,249.5
43,117,61.8128
43,118,40.9591
43,119,249.5
43,120,82.6668
43,121,82.6668
43,122,82.6668
43,123,249.5
43,124,30.5325
43,129,30.5325
43,130,249.5
43,131,124.375
43,137,249.5
43,140,124.375
43,143,82.6668
43,144,249.5
43,146,249.5
43,148,124.375
43,150,35.001
43,151,249.5
43,154,82.6668
43,156,249.5
43,157,249.5
43,160,249.5
43,164,49.3006
43,167,249.5
43,170,249.5
45,46,49.3006
45,49,49.3006
45,50,24.179
45,51,49.3006
45,52,24.179
45,53,24.179
45,55,49.3006
45,56,24.179
45,57,49.3006
45,62,49.3006
45,64,49.3006
45,65,49.3006
45,72,24.179
45,73,24.179
45,75,24.179
45,81,24.179
45,82,49.3006
45,90,49.3006
45,94,24.179
45,95,24.179
45,96,49.3006
45,101,49.3006
45,104,49.3006
45,107,49.3006
45,108,49.3006
45,110,24.179
45,113,49.3006
45,114,49.3006
45,119,49.3006
45,123,49.3006
45,130,49.3006
45,131,24.179
45,137,49.3006
45,140,24.179
45,144,49.3006
45,146,49.3006
45,148,24.179
45,151,49.3006
45,156,49.3006
45,157,49.3006
45,160,49.3006
45,167,49.3006
45,170,49.3006
46,48,30.5325
46,49,249.5
46,50,124.375
46,51,249.5
46,52,124.375
46,53,124.375
46,55,249.5
46,56,124.375
46,57,249.5
46,61,30.5325
46,62,249.5
46,63,61.8128
46,64,249.5
46,65,249.5
46,67,40.9591
46,69,61.8128
46,71,24.2768
46,72,124.375
46,73,124.375
46,74,82.6668
46,75,124.375
46,81,124.375
46,82,249.5
46,84,49.3006
46,85,61.8128
46,86,22.0021
46,87,61.8128
46,90,249.5
46,94,124.375
46,95,124.375
46,96,249.5
46,99,35.001
46,101,249.5
46,102,82.6668
46,104,249.5
46,106,82.6668
46,107,249.5
46,108,249.5
46,109,49.3006
46,110,124.375
46,113,249.5
46,114,249.5
46,117,61.8128
46,118,40.9591
46,119,249.5
46,120,82.6668
46,121,82.6668
46,122,82.6668
46,123,249.5
46,124,30.5325
46,129,30.5325
46,130,249.5
46,131,124.375
46,137,249.5
46,140,124.375
46,143,82.6668
46,144,249.5
46,146,249.5
46,148,124.375
46,150,35.001
46,151,249.5
46,154,82.6668
46,156,249.5
46,157,249.5
46,160,249.5
46,164,49.3006
46,167,249.5
46,170,249.5
48,49,30.5325
48,51,30.5325
48,55,30.5325
48,57,30.5325
48,62,30.5325
48,64,30.5325
48,65,30.5325
48,82,30.5325
48,90,30.5325
48,96,30.5325
48,101,30.5325
48,104,30.5325
48,107,30.5325
48,108,30.5325
48,113,30.5325
48,114,30.5325
48,119,30.5325
48,123,30.5325
48,130,30.5325
48,137,30.5325
48,144,30.5325
48,146,30.5325
48,151,30.5325
48,156,30.5325
48,157,30.5325
48,160,30.5325
48,167,30.5325
48,170,30.5325
49,50,124.375
49,51,249.5
49,52,124.375
49,53,124.375
49,55,249.5
49,56,124.375
49,57,249.5
49,61,30.5325
49,62,249.5
49,63,61.8128
49,64,249.5
49,65,249.5
49,67,40.9591
49,69,61.8128
49,71,24.2768
49,72,124.375
49,73,124.375
49,74,82.6668
49,75,124.375
49,81,124.375
49,82,249.5
49,84,49.3006
49,85,61.8128
49,86,22.0021
49,87,61.8128
49,90,249.5
49,94,124.375
49,95,124.375
49,96,249.5
49,99,35.001
49,101,249.5
49,102,82.6668
49,104,249.5
49,106,82.6668
49,107,249.5
49,108,249.5
49,109,49.3006
49,110,124.375
49,113,249.5
49,114,249.5
49,117,61.8128
49,118,40.9591
49,119,249.5
49,120,82.6668
49,121,82.6668
49,122,82.6668
49,123,249.5
49,124,30.5325
49,129,30.5325
49,130,249.5
49,131,124.375
49,137,249.5
49,140,124.375
49,143,82.6668
49,144,249.5
49,146,249.5
49,148,124.375
49,150,35.001
49,151,249.5
49,154,82.6668
49,156,249.5
49,157,249.5
49,160,249.5
49,164,49.3006
49,167,249.5
49,170,249.5
50,51,124.375
50,52,61.7508
50,53,61.7508
50,55,124.375
50,56,61.7508
50,57,124.375
50,62,124.375
50,63,30.4404
50,64,124.375
50,65,124.375
50,67,20.0051
50,69,30.4404
50,72,61.7508
50,73,61.7508
50,74,40.8768
50,75,61.7508
50,81,61.7508
50,82,124.375
50,84,24.179
50,85,30.4404
50,87,30.4404
50,90,124.375
50,94,61.7508
50,95,61.7508
50,96,124.375
50,101,124.375
50,102,40.8768
50,104,124.375
50,106,40.8768
50,107,124.375
50,108,124.375
50,109,24.179
50,110,61.7508
50,113,124.375
50,114,124.375
50,117,30.4404
50,118,20.0051
50,119,124.375
50,120,40.8768
50,121,40.8768
50,122,40.8768
50,123,124.375
50,130,124.375
50,131,61.7508
50,137,124.375
50,140,61.7508
50,143,40.8768
50,144,124.375
50,146,124.375
50,148,61.7508
50,151,124.375
50,154,40.8768
50,156,124.375
50,157,124.375
50,160,124.375
50,164,24.179
50,167,124.375
50,170,124.375
51,52,124.375
51,53,124.375
51,55,249.5
51,56,124.375
51,57,249.5
51,61,30.5325
51,62,249.5
51,63,61.8128
51,64,249.5
51,65,249.5
51,67,40.9591
51,69,61.8128
51,71,24.2768
51,72,124.375
51,73,124.375
51,74,82.6668
51,75,124.375
51,81,124.375
51,82,249.5
51,84,49.3006
51,85,61.8128
51,86,22.0021
51,87,61.8128
51,90,249.5
51,94,124.375
51,95,124.375
51,96,249.5
51,99,35.001
51,101,249.5
51,102,82.6668
51,104,249.5
51,106,82.6668
51,107,249.5
51,108,249.5
51,109,49.3006
51,110,124.375
51,113,249.5
51,114,249.5
51,117,61.8128
51,118,40.9591
51,119,249.5
51,120,82.6668
51,121,82.6668
51,122,82.6668
51,123,249.5
51,124,30.5325
51,129,30.5325
51,130,249.5
51,131,124.375
51,137,249.5
51,140,124.375
51,143,82.6668
51,144,249.5
51,146,249.5
51,148,124.375
51,150,35.001
51,151,249.5
51,154,82.6668
51,156,249.5
51,157,249.5
51,160,249.5
51,164,49.3006
51,167,249.5
51,170,249.5
52,53,61.7508
52,55,124.375
52,56,61.7508
52,57,124.375
52,62,124.375
52,63,30.4404
52,64,124.375
52,65,124.375
52,67,20.0051
52,69,30.4404
52,72,61.7508
52,73,61.7508
52,74,40.8768
52,75,61.7508
52,81,61.7508
52,82,124.375
52,84,24.179
52,85,30.4404
52,87,30.4404
52,90,124.375
52,94,61.7508
52,95,61.7508
52,96,124.375
52,101,124.375
52,102,40.8768
52,104,124.375
52,106,40.8768
52,107,124.375
52,108,124.375
52,109,24.179
52,110,61.7508
52,113,124.375
52,114,124.375
52,117,30.4404
52,118,20.0051
52,119,124.375
52,120,40.8768
52,121,40.8768
52,122,40.8768
52,123,124.375
52,130,124.375
52,131,61.7508
52,137,124.375
52,140,61.7508
52,143,40.8768
52,144,124.375
52,146,124.375
52,148,61.7508
52,151,124.375
52,154,40.8768
52,156,124.375
52,157,124.375
52,160,124.375
52,164,24.179
52,167,124.375
52,170,124.375
53,55,124.375
53,56,61.7508
53,57,124.375
53,62,124.375
53,63,30.4404
53,64,124.375
53,65,124.375
53,67,20.0051
53,69,30.4404
53,72,61.7508
53,73,61.7508
53,74,40.8768
53,75,61.7508
53,81,61.7508
53,82,124.375
53,84,24.179
53,85,30.4404
53,87,30.4404
53,90,124.375
53,94,61.7508
53,95,61.7508
53,96,124.375
53,101,124.375
53,102,40.8768
53,104,124.375
53,106,40.8768
53,107,124.375
53,108,124.375
53,109,24.179
53,110,61.7508
53,113,124.375
53,114,124.375
53,117,30.4404
53,118,20.0051
53,119,124.375
53,120,40.8768
53,121,40.8768
53,122,40.8768
53,123,124.375
53,130,124.375
53,131,61.7508
53,137,124.375
53,140,61.7508
53,143,40.8768
53,144,124.375
53,146,124.375
53,148,61.7508
53,151,124.375
53,154,40.8768
53,156,124.375
53,157,124.375
53,160,124.375
53,164,24.179
53,167,124.375
53,170,124.375
55,56,124.375
55,57,249.5
55,61,30.5325
55,62,249.5
55,63,61.8128
55,64,249.5
55,65,249.5
55,67,40.9591
55,69,61.8128
55,71,24.2768
55,72,124.375
55,73,124.375
55,74,82.6668
55,75,124.375
55,81,124.375
55,82,249.5
55,84,49.3006
55,85,61.8128
55,86,22.0021
55,87,61.8128
55,90,249.5
55,94,124.375
55,95,124.375
55,96,249.5
55,99,35.001
55,101,249.5
55,102,82.6668
55,104,249.5
55,106,82.6668
55,107,249.5
55,108,249.5
55,109,49.3006
55,110,124.375
55,113,249.5
55,114,249.5
55,117,61.8128
55,118,40.9591
55,119,249.5
55,120,82.6668
55,121,82.6668
55,122,82.6668
55,123,249.5
55,124,30.5325
55,129,30.5325
55,130,249.5
55,131,124.375
55,137,249.5
55,140,124.375
55,143,82.6668
55,144,249.5
55,146,249.5
55,148,124.375
55,150,35.001
55,151,249.5
55,154,82.6668
55,156,249.5
55,157,249.5
55,160,249.5
55,164,49.3006
55,167,249.5
55,170,249.5
56,57,124.375
56,62,124.375
56,63,30.4404
56,64,124.375
56,65,124.375
56,67,20.0051
56,69,30.4404
56,72,61.7508
56,73,61.7508
56,74,40.8768
56,75,61.7508
56,81,61.7508
56,82,124.375
56,84,24.179
56,85,30.4404
56,87,30.4404
56,90,124.375
56,94,61.7508
56,95,61.7508
56,96,124.375
56,101,124.375
56,102,40.8768
56,104,124.375
56,106,40.8768
56,107,124.375
56,108,124.375
56,109,24.179
56,110,61.7508
56,113,124.375
56,114,124.375
56,117,30.4404
56,118,20.0051
56,119,124.375
56,120,40.8768
56,121,40.8768
56,122,40.8768
56,123,124.375
56,130,124.375
56,131,61.7508
56,137,124.375
56,140,61.7508
56,143,40.8768
56,144,124.375
56,146,124.375
56,148,61.7508
56,151,124.375
56,154,40.8768
56,156,124.375
56,157,124.375
56,160,124.375
56,164,24.179
56,167,124.375
56,170,124.375
57,61,30.5325
57,62,249.5
57,63,61.8128
57,64,249.5
57,65,249.5
57,67,40.9591
57,69,61.8128
57,71,24.2768
57,72,124.375
57,73,124.375
57,74,82.6668
57,75,124.375
57,81,124.375
57,82,249.5
57,84,49.3006
57,85,61.8128
57,86,22.0021
57,87,61.8128
57,90,249.5
57,94,124.375
57,95,124.375
57,96,249.5
57,99,35.001
57,101,249.5
57,102,82.6668
57,104,249.5
57,106,82.6668
57,107,249.5
57,108,249.5
57,109,49.3006
57,110,124.375
57,113,249.5
57,114,249.5
57,117,61.8128
57,118,40.9591
57,119,249.5
57,120,82.6668
57,121,82.6668
57,122,82.6668
57,123,249.5
57,124,30.5325
57,129,30.5325
57,130,249.5
57,131,124.375
57,137,249.5
57,140,124.375
57,143,82.6668
57,144,249.5
57,146,249.5
57,148,124.375
57,150,35.001
57,151,249.5
57,154,82.6668
57,156,249.5
57,157,249.5
57,160,249.5
57,164,49.3006
57,167,249.5
57,170,249.5
61,62,30.5325
61,64,30.5325
61,65,30.5325
61,82,30.5325
61,90,30.5325
61,96,30.5325
61,101,30.5325
61,104,30.5325
61,107,30.5325
61,108,30.5325
61,113,30.5325
61,114,30.5325
61,119,30.5325
61,123,30.5325
61,130,30.5325
61,137,30.5325
61,144,30.5325
61,146,30.5325
61,151,30.5325
61,156,30.5325
61,157,30.5325
61,160,30.5325
61,167,30.5325
61,170,30.5325
62,63,61.8128
62,64,249.5
62,65,249.5
62,67,40.9591
62,69,61.8128
62,71,24.2768
62,72,124.375
62,73,124.375
62,74,82.6668
62,75,124.375
62,81,124.375
62,82,249.5
62,84,49.3006
62,85,61.8128
62,86,22.0021
62,87,61.8128
62,90,249.5
62,94,124.375
62,95,124.375
62,96,249.5
62,99,35.001
62,101,249.5
62,102,82.6668
62,104,249.5
62,106,82.6668
62,107,249.5
62,108,249.5
62,109,49.3006
62,110,124.375
62,113,249.5
62,114,249.5
62,117,61.8128
62,118,40.9591
62,119,249.5
62,120,82.6668
62,121,82.6668
62,122,82.6668
62,123,249.5
62,124,30.5325
62,129,30.5325
62,130,249.5
62,131,124.375
62,137,249.5
62,140,124.375
62,143,82.6668
62,144,249.5
62,146,249.5
62,148,124.375
62,150,35.001
62,151,249.5
62,154,82.6668
62,156,249.5
62,157,249.5
62,160,249.5
62,164,49.3006
62,167,249.5
62,170,249.5
63,64,61.8128
63,65,61.8128
63,72,30.4404
63,73,30.4404
63,75,30.4404
63,81,30.4404
63,82,61.8128
63,90,61.8128
63,94,30.4404
63,95,30.4404
63,96,61.8128
63,101,61.8128
63,104,61.8128
63,107,61.8128
63,108,61.8128
63,110,30.4404
63,113,61.8128
63,114,61.8128
63,119,61.8128
63,123,61.8128
63,130,61.8128
63,131,30.4404
63,137,61.8128
63,140,30.4404
63,144,61.8128
63,146,61.8128
63,148,30.4404
63,151,61.8128
63,156,61.8128
63,157,61.8128
63,160,61.8128
63,167,61.8128
63,170,61.8128
64,65,249.5
64,67,40.9591
64,69,61.8128
64,71,24.2768
64,72,124.375
64,73,124.375
64,74,82.6668
64,75,124.375
64,81,124.375
64,82,249.5
64,84,49.3006
64,85,61.8128
64,86,22.0021
64,87,61.8128
64,90,249.5
64,94,124.375
64,95,124.375
64,96,249.5
64,99,35.001
64,101,249.5
64,102,82.6668
64,104,249.5
64,106,82.6668
64,107,249.5
64,108,249.5
64,109,49.3006
64,110,124.375
64,113,249.5
64,114,249.5
64,117,61.8128
64,118,40.9591
64,119,249.5
64,120,82.6668
64,121,82.6668
64,122,82.6668
64,123,249.5
64,124,30.5325
64,129,30.5325
64,130,249.5
64,131,124.375
64,137,249.5
64,140,124.375
64,143,82.6668
64,144,249.5
64,146,249.5
64,148,124.375
64,150,35.001
64,151,249.5
64,154,82.6668
64,156,249.5
64,157,249.5
64,160,249.5
64,164,49.3006
64,167,249.5
64,170,249.5
65,67,40.9591
65,69,61.8128
65,71,24.2768
65,72,124.375
65,73,124.375
65,74,82.6668
65,75,124.375
65,81,124.375
65,82,249.5
65,84,49.3006
65,85,61.8128
65,86,22.0021
65,87,61.8128
65,90,249.5
65,94,124.375
65,95,124.375
65,96,249.5
65,99,35.001
65,101,249.5
65,102,82.6668
65,104,249.5
65,106,82.6668
65,107,249.5
65,108,249.5
65,109,49.3006
65,110,124.375
65,113,249.5
65,114,249.5
65,117,61.8128
65,118,40.9591
65,119,249.5
65,120,82.6668
65,121,82.6668
65,122,82.6668
65,123,249.5
65,124,30.5325
65,129,30.5325
65,130,249.5
65,131,124.375
65,137,249.5
65,140,124.375
65,143,82.6668
65,144,249.5
65,146,249.5
65,148,124.375
65,150,35.001
65,151,249.5
65,154,82.6668
65,156,249.5
65,157,249.5
65,160,249.5
65,164,49.3006
65,167,249.5
65,170,249.5
67,72,20.0051
67,73,20.0051
67,75,20.0051
67,81,20.0051
67,82,40.9591
67,90,40.9591
67,94,20.0051
67,95,20.0051
67,96,40.9591
67,101,40.9591
67,104,40.9591
67,107,40.9591
67,108,40.9591
67,110,20.0051
67,113,40.9591
67,114,40.9591
67,119,40.9591
67,123,40.9591
67,130,40.9591
67,131,20.0051
67,137,40.9591
67,140,20.0051
67,144,40.9591
67,146,40.9591
67,148,20.0051
67,151,40.9591
67,156,40.9591
67,157,40.9591
67,160,40.9591
67,167,40.9591
67,170,40.9591
69,72,30.4404
69,73,30.4404
69,75,30.4404
69,81,30.4404
69,82,61.8128
69,90,61.8128
69,94,30.4404
69,95,30.4404
69,96,61.8128
69,101,61.8128
69,104,61.8128
69,107,61.8128
69,108,61.8128
69,110,30.4404
69,113,61.8128
69,114,61.8128
69,119,61.8128
69,123,61.8128
69,130,61.8128
69,131,30.4404
69,137,61.8128
69,140,30.4404
69,144,61.8128
69,146,61.8128
69,148,30.4404
69,151,61.8128
69,156,61.8128
69,157,61.8128
69,160,61.8128
69,167,61.8128
69,170,61.8128
71,82,24.2768
71,90,24.2768
71,96,24.2768
71,101,24.2768
71,104,24.2768
71,107,24.2768
71,108,24.2768
71,113,24.2768
71,114,24.2768
71,119,24.2768
71,123,24.2768
71,130,24.2768
71,137,24.2768
71,144,24.2768
71,146,24.2768
71,151,24.2768
71,156,24.2768
71,157,24.2768
71,160,24.2768
71,167,24.2768
71,170,24.2768
72,73,61.7508
72,74,40.8768
72,75,61.7508
72,81,61.7508
72,82,124.375
72,84,24.179
72,85,30.4404
72,87,30.4404
72,90,124.375
72,94,61.7508
72,95,61.7508
72,96,124.375
72,101,124.375
72,102,40.8768
72,104,124.375
72,106,40.8768
72,107,124.375
72,108,124.375
72,109,24.179
72,110,61.7508
72,113,124.375
72,114,124.375
72,117,30.4404
72,118,20.0051
72,119,124.375
72,120,40.8768
72,121,40.8768
72,122,40.8768
72,123,124.375
72,130,124.375
72,131,61.7508
72,137,124.375
72,140,61.7508
72,143,40.8768
72,144,124.375
72,146,124.375
72,148,61.7508
72,151,124.375
72,154,40.8768
72,156,124.375
72,157,124.375
72,160,124.375
72,164,24.179
72,167,124.375
72,170,124.375
73,74,40.8768
73,75,61.7508
73,81,61.7508
73,82,124.375
73,84,24.179
73,85,30.4404
73,87,30.4404
73,90,124.375
73,94,61.7508
73,95,61.7508
73,96,124.375
73,101,124.375
73,102,40.8768
73,104,124.375
73,106,40.8768
73,107,124.375
73,108,124.375
73,109,24.179
73,110,61.7508
73,113,124.375
73,114,124.375
73,117,30.4404
73,118,20.0051
73,119,124.375
73,120,40.8768
73,121,40.8768
73,122,40.8768
73,123,124.375
73,130,124.375
73,131,61.7508
73,137,124.375
73,140,61.7508
73,143,40.8768
73,144,124.375
73,146,124.375
73,148,61.7508
73,151,124.375
73,154,40.8768
73,156,124.375
73,157,124.375
73,160,124.375
73,164,24.179
73,167,124.375
73,170,124.375
74,75,40.8768
74,81,40.8768
74,82,82.6668
74,90,82.6668
74,94,40.8768
74,95,40.8768
74,96,82.6668
74,101,82.6668
74,102,26.9482
74,104,82.6668
74,106,26.9482
74,107,82.6668
74,108,82.6668
74,110,40.8768
74,113,82.6668
74,114,82.6668
74,119,82.6668
74,120,26.9482
74,121,26.9482
74,122,26.9482
74,123,82.6668
74,130,82.6668
74,131,40.8768
74,137,82.6668
74,140,40.8768
74,143,26.9482
74,144,82.6668
74,146,82.6668
74,148,40.8768
74,151,82.6668
74,154,26.9482
74,156,82.6668
74,157,82.6668
74,160,82.6668
74,167,82.6668
74,170,82.6668
75,81,61.7508
75,82,124.375
75,84,24.179
75,85,30.4404
75,87,30.4404
75,90,124.375
75,94,61.7508
75,95,61.7508
75,96,124.375
75,101,124.375
75,102,40.8768
75,104,124.375
75,106,40.8768
75,107,124.375
75,108,124.375
75,109,24.179
75,110,61.7508
75,113,124.375
75,114,124.375
75,117,30.4404
75,118,20.0051
75,119,124.375
75,120,40.8768
75,121,40.8768
75,122,40.8768
75,123,124.375
75,130,124.375
75,131,61.7508
75,137,124.375
75,140,61.7508
75,143,40.8768
75,144,124.375
75,146,124.375
75,148,61.7508
75,151,124.375
75,154,40.8768
75,156,124.375
75,157,124.375
75,160,124.375
75,164,24.179
75,167,124.375
75,170,124.375
81,82,124.375
81,84,24.179
81,85,30.4404
81,87,30.4404
81,90,124.375
81,94,61.7508
81,95,61.7508
81,96,124.375
81,101,124.375
81,102,40.8768
81,104,124.375
81,106,40.8768
81,107,124.375
81,108,124.375
81,109,24.179
81,110,61.7508
81,113,124.375
81,114,124.375
81,117,30.4404
81,118,20.0051
81,119,124.375
81,120,40.8768
81,121,40.8768
81,122,40.8768
81,123,124.375
81,130,124.375
81,131,61.7508
81,137,124.375
81,140,61.7508
81,143,40.8768
81,144,124.375
81,146,124.375
81,148,61.7508
81,151,124.375
81,154,40.8768
81,156,124.375
81,157,124.375
81,160,124.375
81,164,24.179
81,167,124.375
81,170,124.375
82,84,49.3006
82,85,61.8128
82,86,22.0021
82,87,61.8128
82,90,249.5
82,94,124.375
82,95,124.375
82,96,249.5
82,99,35.001
82,101,249.5
82,102,82.6668
82,104,249.5
82,106,82.6668
82,107,249.5
82,108,249.5
82,109,49.3006
82,110,124.375
82,113,249.5
82,114,249.5
82,117,61.8128
82,118,40.9591
82,119,249.5
82,120,82.6668
82,121,82.6668
82,122,82.6668
82,123,249.5
82,124,30.5325
82,129,30.5325
82,130,249.5
82,131,124.375
82,137,249.5
82,140,124.375
82,143,82.6668
82,144,249.5
82,146,249.5
82,148,124.375
82,150,35.001
82,151,249.5
82,154,82.6668
82,156,249.5
82,157,249.5
82,160,249.5
82,164,49.3006
82,167,249.5
82,170,249.5
84,90,49.3006
84,94,24.179
84,95,24.179
84,96,49.3006
84,101,49.3006
84,104,49.3006
84,107,49.3006
84,108,49.3006
84,110,24.179
84,113,49.3006
84,114,49.3006
84,119,49.3006
84,123,49.3006
84,130,49.3006
84,131,24.179
84,137,49.3006
84,140,24.179
84,144,49.3006
84,146,49.3006
84,148,24.179
84,151,49.3006
84,156,49.3006
84,157,49.3006
84,160,49.3006
84,167,49.3006
84,170,49.3006
85,90,61.8128
85,94,30.4404
85,95,30.4404
85,96,61.8128
85,101,61.8128
85,104,61.8128
85,107,61.8128
85,108,61.8128
85,110,30.4404
85,113,61.8128
85,114,61.8128
85,119,61.8128
85,123,61.8128
85,130,61.8128
85,131,30.4404
85,137,61.8128
85,140,30.4404
85,144,61.8128
85,146,61.8128
85,148,30.4404
85,151,61.8128
85,156,61.8128
85,157,61.8128
85,160,61.8128
85,167,61.8128
85,170,61.8128
86,90,22.0021
86,96,22.0021
86,101,22.0021
86,104,22.0021
86,107,22.0021
86,108,22.0021
86,113,22.0021
86,114,22.0021
86,119,22.0021
86,123,22.0021
86,130,22.0021
86,137,22.0021
86,144,22.0021
86,146,22.0021
86,151,22.0021
86,156,22.0021
86,157,22.0021
86,160,22.0021
86,167,22.0021
86,170,22.0021
87,90,61.8128
87,94,30.4404
87,95,30.4404
87,96,61.8128
87,101,61.8128
87,104,61.8128
87,107,61.8128
87,108,61.8128
87,110,30.4404
87,113,61.8128
87,114,61.8128
87,119,61.8128
87,123,61.8128
87,130,61.8128
87,131,30.4404
87,137,61.8128
87,140,30.4404
87,144,61.8128
87,146,61.8128
87,148,30.4404
87,151,61.8128
87,156,61.8128
87,157,61.8128
87,160,61.8128
87,167,61.8128
87,170,61.8128
90,94,124.375
90,95,124.375
90,96,249.5
90,99,35.001
90,101,249.5
90,102,82.6668
90,104,249.5
90,106,82.6668
90,107,249.5
90,108,249.5
90,109,49.3006
90,110,124.375
90,113,249.5
90,114,249.5
90,117,61.8128
90,118,40.9591
90,119,249.5
90,120,82.6668
90,121,82.6668
90,122,82.6668
90,123,249.5
90,124,30.5325
90,129,30.5325
90,130,249.5
90,131,124.375
90,137,249.5
90,140,124.375
90,143,82.6668
90,144,249.5
90,146,249.5
90,148,124.375
90,150,35.001
90,151,249.5
90,154,82.6668
90,156,249.5
90,157,249.5
90,160,249.5
90,164,49.3006
90,167,249.5
90,170,249.5
94,95,61.7508
94,96,124.375
94,101,124.375
94,102,40.8768
94,104,124.375
94,106,40.8768
94,107,124.375
94,108,124.375
94,109,24.179
94,110,61.7508
94,113,124.375
94,114,124.375
94,117,30.4404
94,118,20.0051
94,119,124.375
94,120,40.8768
94,121,40.8768
94,122,40.8768
94,123,124.375
94,130,124.375
94,131,61.7508
94,137,124.375
94,140,61.7508
94,143,40.8768
94,144,124.375
94,146,124.375
94,148,61.7508
94,151,124.375
94,154,40.8768
94,156,124.375
94,157,124.375
94,160,124.375
94,164,24.179
94,167,124.375
94,170,124.375
95,96,124.375
95,101,124.375
95,102,40.8768
95,104,124.375
95,106,40.8768
95,107,124.375
95,108,124.375
95,109,24.179
95,110,61.7508
95,113,124.375
95,114,124.375
95,117,30.4404
95,118,20.0051
95,119,124.375
95,120,40.8768
95,121,40.8768
95,122,40.8768
95,123,124.375
95,130,124.375
95,131,61.7508
95,137,124.375
95,140,61.7508
95,143,40.8768
95,144,124.375
95,146,124.375
95,148,61.7508
95,151,124.375
95,154,40.8768
95,156,124.375
95,157,124.375
95,160,124.375
95,164,24.179
95,167,124.375
95,170,124.375
96,99,35.001
96,101,249.5
96,102,82.6668
96,104,249.5
96,106,82.6668
96,107,249.5
96,108,249.5
96,109,49.3006
96,110,124.375
96,113,249.5
96,114,249.5
96,117,61.8128
96,118,40.9591
96,119,249.5
96,120,82.6668
96,121,82.6668
96,122,82.6668
96,123,249.5
96,124,30.5325
96,129,30.5325
96,130,249.5
96,131,124.375
96,137,249.5
96,140,124.375
96,143,82.6668
96,144,249.5
96,146,249.5
96,148,124.375
96,150,35.001
96,151,249.5
96,154,82.6668
96,156,249.5
96,157,249.5
96,160,249.5
96,164,49.3006
96,167,249.5
96,170,249.5
99,101,35.001
99,104,35.001
99,107,35.001
99,108,35.001
99,113,35.001
99,114,35.001
99,119,35.001
99,123,35.001
99,130,35.001
99,137,35.001
99,144,35.001
99,146,35.001
99,151,35.001
99,156,35.001
99,157,35.001
99,160,35.001
99,167,35.001
99,170,35.001
101,102,82.6668
101,104,249.5
101,106,82.6668
101,107,249.5
101,108,249.5
101,109,49.3006
101,110,124.375
101,113,249.5
101,114,249.5
101,117,61.8128
101,118,40.9591
101,119,249.5
101,120,82.6668
101,121,82.6668
101,122,82.6668
101,123,249.5
101,124,30.5325
101,129,30.5325
101,130,249.5
101,131,124.375
101,137,249.5
101,140,124.375
101,143,82.6668
101,144,249.5
101,146,249.5
101,148,124.375
101,150,35.001
101,151,249.5
101,154,82.6668
101,156,249.5
101,157,249.5
101,160,249.5
101,164,49.3006
101,167,249.5
101,170,249.5
102,104,82.6668
102,106,26.9482
102,107,82.6668
102,108,82.6668
102,110,40.8768
102,113,82.6668
102,114,82.6668
102,119,82.6668
102,120,26.9482
102,121,26.9482
102,122,26.9482
102,123,82.6668
102,130,82.6668
102,131,40.8768
102,137,82.6668
102,140,40.8768
102,143,26.9482
102,144,82.6668
102,146,82.6668
102,148,40.8768
102,151,82.6668
102,154,26.9482
102,156,82.6668
102,157,82.6668
102,160,82.6668
102,167,82.6668
102,170,82.6668
104,106,82.6668
104,107,249.5
104,108,249.5
104,109,49.3006
104,110,124.375
104,113,249.5
104,114,249.5
104,117,61.8128
104,118,40.9591
104,119,249.5
104,120,82.6668
104,121,82.6668
104,122,82.6668
104,123,249.5
104,124,30.5325
104,129,30.5325
104,130,249.5
104,131,124.375
104,137,249.5
104,140,124.375
104,143,82.6668
104,144,249.5
104,146,249.5
104,148,124.375
104,150,35.001
104,151,249.5
104,154,82.6668
104,156,249.5
104,157,249.5
104,160,249.5
104,164,49.3006
104,167,249.5
104,170,249.5
106,107,82.6668
106,108,82.6668
106,110,40.8768
106,113,82.6668
106,114,82.6668
106,119,82.6668
106,120,26.9482
106,121,26.9482
106,122,26.9482
106,123,82.6668
106,130,82.6668
106,131,40.8768
106,137,82.6668
106,140,40.8768
106,143,26.9482
106,144,82.6668
106,146,82.6668
106,148,40.8768
106,151,82.6668
106,154,26.9482
106,156,82.6668
106,157,82.6668
106,160,82.6668
106,167,82.6668
106,170,82.6668
107,108,249.5
107,109,49.3006
107,110,124.375
107,113,249.5
107,114,249.5
107,117,61.8128
107,118,40.9591
107,119,249.5
107,120,82.6668
107,121,82.6668
107,122,82.6668
107,123,249.5
107,124,30.5325
107,129,30.5325
107,130,249.5
107,131,124.375
107,137,249.5
107,140,124.375
107,143,82.6668
107,144,249.5
107,146,249.5
107,148,124.375
107,150,35.001
107,151,249.5
107,154,82.6668
107,156,249.5
107,157,249.5
107,160,249.5
107,164,49.3006
107,167,249.5
107,170,249.5
108,109,49.3006
108,110,124.375
108,113,249.5
108,114,249.5
108,117,61.8128
108,118,40.9591
108,119,249.5
108,120,82.6668
108,121,82.6668
108,122,82.6668
108,123,249.5
108,124,30.5325
108,129,30.5325
108,130,249.5
108,131,124.375
108,137,249.5
108,140,124.375
108,143,82.6668
108,144,249.5
108,146,249.5
108,148,124.375
108,150,35.001
108,151,249.5
108,154,82.6668
108,156,249.5
108,157,249.5
108,160,249.5
108,164,49.3006
108,167,249.5
108,170,249.5
109,110,24.179
109,113,49.3006
109,114,49.3006
109,119,49.3006
109,123,49.3006
109,130,49.3006
109,131,24.179
109,137,49.3006
109,140,24.179
109,144,49.3006
109,146,49.3006
109,148,24.179
109,151,49.3006
109,156,49.3006
109,157,49.3006
109,160,49.3006
109,167,49.3006
109,170,49.3006
110,113,124.375
110,114,124.375
110,117,30.4404
110,118,20.0051
110,119,124.375
110,120,40.8768
110,121,40.8768
110,122,40.8768
110,123,124.375
110,130,124.375
110,131,61.7508
110,137,124.375
110,140,61.7508
110,143,40.8768
110,144,124.375
110,146,124.375
110,148,61.7508
110,151,124.375
110,154,40.8768
110,156,124.375
110,157,124.375
110,160,124.375
110,164,24.179
110,167,124.375
110,170,124.375
111,112,31.4822
113,114,249.5
113,117,61.8128
113,118,40.9591
113,119,249.5
113,120,82.6668
113,121,82.6668
113,122,82.6668
113,123,249.5
113,124,30.5325
113,129,30.5325
113,130,249.5
113,131,124.375
113,137,249.5
113,140,124.375
113,143,82.6668
113,144,249.5
113,146,249.5
113,148,124.375
113,150,35.001
113,151,249.5
113,154,82.6668
113,156,249.5
113,157,249.5
113,160,249.5
113,164,49.3006
113,167,249.5
113,170,249.5
114,117,61.8128
114,118,40.9591
114,119,249.5
114,120,82.6668
114,121,82.6668
114,122,82.6668
114,123,249.5
114,124,30.5325
114,129,30.5325
114,130,249.5
114,131,124.375
114,137,249.5
114,140,124.375
114,143,82.6668
114,144,249.5
114,146,249.5
114,148,124.375
114,150,35.001
114,151,249.5
114,154,82.6668
114,156,249.5
114,157,249.5
114,160,249.5
114,164,49.3006
114,167,249.5
114,170,249.5
117,119,61.8128
117,123,61.8128
117,130,61.8128
117,131,30.4404
117,137,61.8128
117,140,30.4404
117,144,61.8128
117,146,61.8128
117,148,30.4404
117,151,61.8128
117,156,61.8128
117,157,61.8128
117,160,61.8128
117,167,61.8128
117,170,61.8128
118,119,40.9591
118,123,40.9591
118,130,40.9591
118,131,20.0051
118,137,40.9591
118,140,20.0051
118,144,40.9591
118,146,40.9591
118,148,20.0051
118,151,40.9591
118,156,40.9591
118,157,40.9591
118,160,40.9591
118,167,40.9591
118,170,40.9591
119,120,82.6668
119,121,82.6668
119,122,82.6668
119,123,249.5
119,124,30.5325
119,129,30.5325
119,130,249.5
119,131,124.375
119,137,249.5
119,140,124.375
119,143,82.6668
119,144,249.5
119,146,249.5
119,148,124.375
119,150,35.001
119,151,249.5
119,154,82.6668
119,156,249.5
119,157,249.5
119,160,249.5
119,164,49.3006
119,167,249.5
119,170,249.5
120,121,26.9482
120,122,26.9482
120,123,82.6668
120,130,82.6668
120,131,40.8768
120,137,82.6668
120,140,40.8768
120,143,26.9482
120,144,82.6668
120,146,82.6668
120,148,40.8768
120,151,82.6668
120,154,26.9482
120,156,82.6668
120,157,82.6668
120,160,82.6668
120,167,82.6668
120,170,82.6668
121,122,26.9482
121,123,82.6668
121,130,82.6668
121,131,40.8768
121,137,82.6668
121,140,40.8768
121,143,26.9482
121,144,82.6668
121,146,82.6668
121,148,40.8768
121,151,82.6668
121,154,26.9482
121,156,82.6668
121,157,82.6668
121,160,82.6668
121,167,82.6668
121,170,82.6668
122,123,82.6668
122,130,82.6668
122,131,40.8768
122,137,82.6668
122,140,40.8768
122,143,26.9482
122,144,82.6668
122,146,82.6668
122,148,40.8768
122,151,82.6668
122,154,26.9482
122,156,82.6668
122,157,82.6668
122,160,82.6668
122,167,82.6668
122,170,82.6668
123,124,30.5325
123,129,30.5325
123,130,249.5
123,131,124.375
123,137,249.5
123,140,124.375
123,143,82.6668
123,144,249.5
123,146,249.5
123,148,124.375
123,150,35.001
123,151,249.5
123,154,82.6668
123,156,249.5
123,157,249.5
123,160,249.5
123,164,49.3006
123,167,249.5
123,170,249.5
124,130,30.5325
124,137,30.5325
124,144,30.5325
124,146,30.5325
124,151,30.5325
124,156,30.5325
124,157,30.5325
124,160,30.5325
124,167,30.5325
124,170,30.5325
129,130,30.5325
129,137,30.5325
129,144,30.5325
129,146,30.5325
129,151,30.5325
129,156,30.5325
129,157,30.5325
129,160,30.5325
129,167,30.5325
129,170,30.5325
130,131,124.375
130,137,249.5
130,140,124.375
130,143,82.6668
130,144,249.5
130,146,249.5
130,148,124.375
130,150,35.001
130,151,249.5
130,154,82.6668
130,156,249.5
130,157,249.5
130,160,249.5
130,164,49.3006
130,167,249.5
130,170,249.5
131,137,124.375
131,140,61.7508
131,143,40.8768
131,144,124.375
131,146,124.375
131,148,61.7508
131,151,124.375
131,154,40.8768
131,156,124.375
131,157,124.375
131,160,124.375
131,164,24.179
131,167,124.375
131,170,124.375
137,140,124.375
137,143,82.6668
137,144,249.5
137,146,249.5
137,148,124.375
137,150,35.001
137,151,249.5
137,154,82.6668
137,156,249.5
137,157,249.5
137,160,249.5
137,164,49.3006
137,167,249.5
137,170,249.5
140,143,40.8768
140,144,124.375
140,146,124.375
140,148,61.7508
140,151,124.375
140,154,40.8768
140,156,124.375
140,157,124.375
140,160,124.375
140,164,24.179
140,167,124.375
140,170,124.375
143,144,82.6668
143,146,82.6668
143,148,40.8768
143,151,82.6668
143,154,26.9482
143,156,82.6668
143,157,82.6668
143,160,82.6668
143,167,82.6668
143,170,82.6668
144,146,249.5
144,148,124.375
144,150,35.001
144,151,249.5
144,154,82.6668
144,156,249.5
144,157,249.5
144,160,249.5
144,164,49.3006
144,167,249.5
144,170,249.5
146,148,124.375
146,150,35.001
146,151,249.5
146,154,82.6668
146,156,249.5
146,157,249.5
146,160,249.5
146,164,49.3006
146,167,249.5
146,170,249.5
148,151,124.375
148,154,40.8768
148,156,124.375
148,157,124.375
148,160,124.375
148,164,24.179
148,167,124.375
148,170,124.375
150,151,35.001
150,156,35.001
150,157,35.001
150,160,35.001
150,167,35.001
150,170,35.001
151,154,82.6668
151,156,249.5
151,157,249.5
151,160,249.5
151,164,49.3006
151,167,249.5
151,170,249.5
154,156,82.6668
154,157,82.6668
154,160,82.6668
154,167,82.6668
154,170,82.6668
156,157,249.5
156,160,249.5
156,164,49.3006
156,167,249.5
156,170,249.5
157,160,249.5
157,164,49.3006
157,167,249.5
157,170,249.5
160,164,49.3006
160,167,249.5
160,170,249.5
164,167,49.3006
164,170,49.3006
167,170,249.5
