i,",",j,",",c,h,i,s,q
8,16,27.057105316999923
8,17,249.49975000025051
8,18,124.37487587788189
8,20,82.66675234244609
8,21,124.37487587788189
8,23,124.37487587788189
8,24,124.37487587788189
8,27,61.812816832897155
8,33,249.49975000025051
8,34,249.49975000025051
8,42,124.37487587788189
8,45,61.812816832897155
8,46,249.49975000025051
8,48,40.95913485584847
8,49,249.49975000025051
8,50,124.37487587788189
8,51,249.49975000025051
8,52,124.37487587788189
8,53,124.37487587788189
8,55,249.49975000025051
8,56,124.37487587788189
8,61,35.00104909973994
8,63,124.37487587788189
8,64,249.49975000025051
8,65,249.49975000025051
8,67,40.95913485584847
8,69,82.66675234244609
8,71,30.53254867770997
8,72,124.37487587788189
8,73,124.37487587788189
8,74,124.37487587788189
8,75,124.37487587788189
8,81,249.49975000025051
8,82,249.49975000025051
8,84,49.30055683824528
8,85,82.66675234244609
8,86,24.276802054579832
8,87,61.812816832897155
8,90,249.49975000025051
8,94,249.49975000025051
8,95,124.37487587788189
8,96,249.49975000025051
8,99,40.95913485584847
8,101,249.49975000025051
8,102,124.37487587788189
8,104,249.49975000025051
8,106,82.66675234244609
8,107,249.49975000025051
8,109,49.30055683824528
8,110,124.37487587788189
8,113,249.49975000025051
8,114,249.49975000025051
8,117,61.812816832897155
8,118,61.812816832897155
8,119,249.49975000025051
8,120,124.37487587788189
8,121,124.37487587788189
8,123,249.49975000025051
8,124,40.95913485584847
8,129,40.95913485584847
8,130,249.49975000025051
8,131,249.49975000025051
8,137,249.49975000025051
8,140,124.37487587788189
8,143,124.37487587788189
8,144,249.49975000025051
8,146,249.49975000025051
8,148,124.37487587788189
8,150,61.812816832897155
8,154,82.66675234244609
8,156,249.49975000025051
8,160,249.49975000025051
8,161,30.53254867770997
8,164,61.812816832897155
8,170,249.49975000025051
16,17,27.057105316999923
16,33,27.057105316999923
16,34,27.057105316999923
16,46,27.057105316999923
16,49,27.057105316999923
16,51,27.057105316999923
16,55,27.057105316999923
16,64,27.057105316999923
16,65,27.057105316999923
16,81,27.057105316999923
16,82,27.057105316999923
16,90,27.057105316999923
16,94,27.057105316999923
16,96,27.057105316999923
16,101,27.057105316999923
16,104,27.057105316999923
16,107,27.057105316999923
16,113,27.057105316999923
16,114,27.057105316999923
16,119,27.057105316999923
16,123,27.057105316999923
16,130,27.057105316999923
16,131,27.057105316999923
16,137,27.057105316999923
16,144,27.057105316999923
16,146,27.057105316999923
16,156,27.057105316999923
16,160,27.057105316999923
16,170,27.057105316999923
17,18,124.37487587788189
17,20,82.66675234244609
17,21,124.37487587788189
17,23,124.37487587788189
17,24,124.37487587788189
17,27,61.812816832897155
17,33,249.49975000025051
17,34,249.49975000025051
17,42,124.37487587788189
17,45,61.812816832897155
17,46,249.49975000025051
17,48,40.95913485584847
17,49,249.49975000025051
17,50,124.37487587788189
17,51,249.49975000025051
17,52,124.37487587788189
17,53,124.37487587788189
17,55,249.49975000025051
17,56,124.37487587788189
17,61,35.00104909973994
17,63,124.37487587788189
17,64,249.49975000025051
17,65,249.49975000025051
17,67,40.95913485584847
17,69,82.66675234244609
17,71,30.53254867770997
17,72,124.37487587788189
17,73,124.37487587788189
17,74,124.37487587788189
17,75,124.37487587788189
17,81,249.49975000025051
17,82,249.49975000025051
17,84,49.30055683824528
17,85,82.66675234244609
17,86,24.276802054579832
17,87,61.812816832897155
17,90,249.49975000025051
17,94,249.49975000025051
17,95,124.37487587788189
17,96,249.49975000025051
17,99,40.95913485584847
17,101,249.49975000025051
17,102,124.37487587788189
17,104,249.49975000025051
17,106,82.66675234244609
17,107,249.49975000025051
17,109,49.30055683824528
17,110,124.37487587788189
17,113,249.49975000025051
17,114,249.49975000025051
17,117,61.812816832897155
17,118,61.812816832897155
17,119,249.49975000025051
17,120,124.37487587788189
17,121,124.37487587788189
17,123,249.49975000025051
17,124,40.95913485584847
17,129,40.95913485584847
17,130,249.49975000025051
17,131,249.49975000025051
17,137,249.49975000025051
17,140,124.37487587788189
17,143,124.37487587788189
17,144,249.49975000025051
17,146,249.49975000025051
17,148,124.37487587788189
17,150,61.812816832897155
17,154,82.66675234244609
17,156,249.49975000025051
17,160,249.49975000025051
17,161,30.53254867770997
17,164,61.812816832897155
17,170,249.49975000025051
18,20,40.87680543299906
18,21,61.750756021060155
18,23,61.750756021060155
18,24,61.750756021060155
18,27,30.440398870029217
18,33,124.37487587788189
18,34,124.37487587788189
18,42,61.750756021060155
18,45,30.440398870029217
18,46,124.37487587788189
18,48,20.00513434649312
18,49,124.37487587788189
18,50,61.750756021060155
18,51,124.37487587788189
18,52,61.750756021060155
18,53,61.750756021060155
18,55,124.37487587788189
18,56,61.750756021060155
18,63,61.750756021060155
18,64,124.37487587788189
18,65,124.37487587788189
18,67,20.00513434649312
18,69,40.87680543299906
18,72,61.750756021060155
18,73,61.750756021060155
18,74,61.750756021060155
18,75,61.750756021060155
18,81,124.37487587788189
18,82,124.37487587788189
18,84,24.17901128890948
18,85,40.87680543299906
18,87,30.440398870029217
18,90,124.37487587788189
18,94,124.37487587788189
18,95,61.750756021060155
18,96,124.37487587788189
18,99,20.00513434649312
18,101,124.37487587788189
18,102,61.750756021060155
18,104,124.37487587788189
18,106,40.87680543299906
18,107,124.37487587788189
18,109,24.17901128890948
18,110,61.750756021060155
18,113,124.37487587788189
18,114,124.37487587788189
18,117,30.440398870029217
18,118,30.440398870029217
18,119,124.37487587788189
18,120,61.750756021060155
18,121,61.750756021060155
18,123,124.37487587788189
18,124,20.00513434649312
18,129,20.00513434649312
18,130,124.37487587788189
18,131,124.37487587788189
18,137,124.37487587788189
18,140,61.750756021060155
18,143,61.750756021060155
18,144,124.37487587788189
18,146,124.37487587788189
18,148,61.750756021060155
18,150,30.440398870029217
18,154,40.87680543299906
18,156,124.37487587788189
18,160,124.37487587788189
18,164,30.440398870029217
18,170,124.37487587788189
20,21,40.87680543299906
20,23,40.87680543299906
20,24,40.87680543299906
20,33,82.66675234244609
20,34,82.66675234244609
20,42,40.87680543299906
20,46,82.66675234244609
20,49,82.66675234244609
20,50,40.87680543299906
20,51,82.66675234244609
20,52,40.87680543299906
20,53,40.87680543299906
20,55,82.66675234244609
20,56,40.87680543299906
20,63,40.87680543299906
20,64,82.66675234244609
20,65,82.66675234244609
20,69,26.94822459130428
20,72,40.87680543299906
20,73,40.87680543299906
20,74,40.87680543299906
20,75,40.87680543299906
20,81,82.66675234244609
20,82,82.66675234244609
20,85,26.94822459130428
20,90,82.66675234244609
20,94,82.66675234244609
20,95,40.87680543299906
20,96,82.66675234244609
20,101,82.66675234244609
20,102,40.87680543299906
20,104,82.66675234244609
20,106,26.94822459130428
20,107,82.66675234244609
20,110,40.87680543299906
20,113,82.66675234244609
20,114,82.66675234244609
20,119,82.66675234244609
20,120,40.87680543299906
20,121,40.87680543299906
20,123,82.66675234244609
20,130,82.66675234244609
20,131,82.66675234244609
20,137,82.66675234244609
20,140,40.87680543299906
20,143,40.87680543299906
20,144,82.66675234244609
20,146,82.66675234244609
20,148,40.87680543299906
20,154,26.94822459130428
20,156,82.66675234244609
20,160,82.66675234244609
20,170,82.66675234244609
21,23,61.750756021060155
21,24,61.750756021060155
21,27,30.440398870029217
21,33,124.37487587788189
21,34,124.37487587788189
21,42,61.750756021060155
21,45,30.440398870029217
21,46,124.37487587788189
21,48,20.00513434649312
21,49,124.37487587788189
21,50,61.750756021060155
21,51,124.37487587788189
21,52,61.750756021060155
21,53,61.750756021060155
21,55,124.37487587788189
21,56,61.750756021060155
21,63,61.750756021060155
21,64,124.37487587788189
21,65,124.37487587788189
21,67,20.00513434649312
21,69,40.87680543299906
21,72,61.750756021060155
21,73,61.750756021060155
21,74,61.750756021060155
21,75,61.750756021060155
21,81,124.37487587788189
21,82,124.37487587788189
21,84,24.17901128890948
21,85,40.87680543299906
21,87,30.440398870029217
21,90,124.37487587788189
21,94,124.37487587788189
21,95,61.750756021060155
21,96,124.37487587788189
21,99,20.00513434649312
21,101,124.37487587788189
21,102,61.750756021060155
21,104,124.37487587788189
21,106,40.87680543299906
21,107,124.37487587788189
21,109,24.17901128890948
21,110,61.750756021060155
21,113,124.37487587788189
21,114,124.37487587788189
21,117,30.440398870029217
21,118,30.440398870029217
21,119,124.37487587788189
21,120,61.750756021060155
21,121,61.750756021060155
21,123,124.37487587788189
21,124,20.00513434649312
21,129,20.00513434649312
21,130,124.37487587788189
21,131,124.37487587788189
21,137,124.37487587788189
21,140,61.750756021060155
21,143,61.750756021060155
21,144,124.37487587788189
21,146,124.37487587788189
21,148,61.750756021060155
21,150,30.440398870029217
21,154,40.87680543299906
21,156,124.37487587788189
21,160,124.37487587788189
21,164,30.440398870029217
21,170,124.37487587788189
23,24,61.750756021060155
23,27,30.440398870029217
23,33,124.37487587788189
23,34,124.37487587788189
23,42,61.750756021060155
23,45,30.440398870029217
23,46,124.37487587788189
23,48,20.00513434649312
23,49,124.37487587788189
23,50,61.750756021060155
23,51,124.37487587788189
23,52,61.750756021060155
23,53,61.750756021060155
23,55,124.37487587788189
23,56,61.750756021060155
23,63,61.750756021060155
23,64,124.37487587788189
23,65,124.37487587788189
23,67,20.00513434649312
23,69,40.87680543299906
23,72,61.750756021060155
23,73,61.750756021060155
23,74,61.750756021060155
23,75,61.750756021060155
23,81,124.37487587788189
23,82,124.37487587788189
23,84,24.17901128890948
23,85,40.87680543299906
23,87,30.440398870029217
23,90,124.37487587788189
23,94,124.37487587788189
23,95,61.750756021060155
23,96,124.37487587788189
23,99,20.00513434649312
23,101,124.37487587788189
23,102,61.750756021060155
23,104,124.37487587788189
23,106,40.87680543299906
23,107,124.37487587788189
23,109,24.17901128890948
23,110,61.750756021060155
23,113,124.37487587788189
23,114,124.37487587788189
23,117,30.440398870029217
23,118,30.440398870029217
23,119,124.37487587788189
23,120,61.750756021060155
23,121,61.750756021060155
23,123,124.37487587788189
23,124,20.00513434649312
23,129,20.00513434649312
23,130,124.37487587788189
23,131,124.37487587788189
23,137,124.37487587788189
23,140,61.750756021060155
23,143,61.750756021060155
23,144,124.37487587788189
23,146,124.37487587788189
23,148,61.750756021060155
23,150,30.440398870029217
23,154,40.87680543299906
23,156,124.37487587788189
23,160,124.37487587788189
23,164,30.440398870029217
23,170,124.37487587788189
24,27,30.440398870029217
24,33,124.37487587788189
24,34,124.37487587788189
24,42,61.750756021060155
24,45,30.440398870029217
24,46,124.37487587788189
24,48,20.00513434649312
24,49,124.37487587788189
24,50,61.750756021060155
24,51,124.37487587788189
24,52,61.750756021060155
24,53,61.750756021060155
24,55,124.37487587788189
24,56,61.750756021060155
24,63,61.750756021060155
24,64,124.37487587788189
24,65,124.37487587788189
24,67,20.00513434649312
24,69,40.87680543299906
24,72,61.750756021060155
24,73,61.750756021060155
24,74,61.750756021060155
24,75,61.750756021060155
24,81,124.37487587788189
24,82,124.37487587788189
24,84,24.17901128890948
24,85,40.87680543299906
24,87,30.440398870029217
24,90,124.37487587788189
24,94,124.37487587788189
24,95,61.750756021060155
24,96,124.37487587788189
24,99,20.00513434649312
24,101,124.37487587788189
24,102,61.750756021060155
24,104,124.37487587788189
24,106,40.87680543299906
24,107,124.37487587788189
24,109,24.17901128890948
24,110,61.750756021060155
24,113,124.37487587788189
24,114,124.37487587788189
24,117,30.440398870029217
24,118,30.440398870029217
24,119,124.37487587788189
24,120,61.750756021060155
24,121,61.750756021060155
24,123,124.37487587788189
24,124,20.00513434649312
24,129,20.00513434649312
24,130,124.37487587788189
24,131,124.37487587788189
24,137,124.37487587788189
24,140,61.750756021060155
24,143,61.750756021060155
24,144,124.37487587788189
24,146,124.37487587788189
24,148,61.750756021060155
24,150,30.440398870029217
24,154,40.87680543299906
24,156,124.37487587788189
24,160,124.37487587788189
24,164,30.440398870029217
24,170,124.37487587788189
27,33,61.812816832897155
27,34,61.812816832897155
27,42,30.440398870029217
27,46,61.812816832897155
27,49,61.812816832897155
27,50,30.440398870029217
27,51,61.812816832897155
27,52,30.440398870029217
27,53,30.440398870029217
27,55,61.812816832897155
27,56,30.440398870029217
27,58,32.87565914062755
27,63,30.440398870029217
27,64,61.812816832897155
27,65,61.812816832897155
27,72,30.440398870029217
27,73,30.440398870029217
27,74,30.440398870029217
27,75,30.440398870029217
27,81,61.812816832897155
27,82,61.812816832897155
27,90,61.812816832897155
27,94,61.812816832897155
27,95,30.440398870029217
27,96,61.812816832897155
27,101,61.812816832897155
27,102,30.440398870029217
27,104,61.812816832897155
27,107,61.812816832897155
27,110,30.440398870029217
27,113,61.812816832897155
27,114,61.812816832897155
27,119,61.812816832897155
27,120,30.440398870029217
27,121,30.440398870029217
27,123,61.812816832897155
27,130,61.812816832897155
27,131,61.812816832897155
27,137,61.812816832897155
27,140,30.440398870029217
27,143,30.440398870029217
27,144,61.812816832897155
27,146,61.812816832897155
27,148,30.440398870029217
27,156,61.812816832897155
27,160,61.812816832897155
27,170,61.812816832897155
33,34,249.49975000025051
33,42,124.37487587788189
33,45,61.812816832897155
33,46,249.49975000025051
33,48,40.95913485584847
33,49,249.49975000025051
33,50,124.37487587788189
33,51,249.49975000025051
33,52,124.37487587788189
33,53,124.37487587788189
33,55,249.49975000025051
33,56,124.37487587788189
33,61,35.00104909973994
33,63,124.37487587788189
33,64,249.49975000025051
33,65,249.49975000025051
33,67,40.95913485584847
33,69,82.66675234244609
33,71,30.53254867770997
33,72,124.37487587788189
33,73,124.37487587788189
33,74,124.37487587788189
33,75,124.37487587788189
33,81,249.49975000025051
33,82,249.49975000025051
33,84,49.30055683824528
33,85,82.66675234244609
33,86,24.276802054579832
33,87,61.812816832897155
33,90,249.49975000025051
33,94,249.49975000025051
33,95,124.37487587788189
33,96,249.49975000025051
33,99,40.95913485584847
33,101,249.49975000025051
33,102,124.37487587788189
33,104,249.49975000025051
33,106,82.66675234244609
33,107,249.49975000025051
33,109,49.30055683824528
33,110,124.37487587788189
33,113,249.49975000025051
33,114,249.49975000025051
33,117,61.812816832897155
33,118,61.812816832897155
33,119,249.49975000025051
33,120,124.37487587788189
33,121,124.37487587788189
33,123,249.49975000025051
33,124,40.95913485584847
33,129,40.95913485584847
33,130,249.49975000025051
33,131,249.49975000025051
33,137,249.49975000025051
33,140,124.37487587788189
33,143,124.37487587788189
33,144,249.49975000025051
33,146,249.49975000025051
33,148,124.37487587788189
33,150,61.812816832897155
33,154,82.66675234244609
33,156,249.49975000025051
33,160,249.49975000025051
33,161,30.53254867770997
33,164,61.812816832897155
33,170,249.49975000025051
34,42,124.37487587788189
34,45,61.812816832897155
34,46,249.49975000025051
34,48,40.95913485584847
34,49,249.49975000025051
34,50,124.37487587788189
34,51,249.49975000025051
34,52,124.37487587788189
34,53,124.37487587788189
34,55,249.49975000025051
34,56,124.37487587788189
34,61,35.00104909973994
34,63,124.37487587788189
34,64,249.49975000025051
34,65,249.49975000025051
34,67,40.95913485584847
34,69,82.66675234244609
34,71,30.53254867770997
34,72,124.37487587788189
34,73,124.37487587788189
34,74,124.37487587788189
34,75,124.37487587788189
34,81,249.49975000025051
34,82,249.49975000025051
34,84,49.30055683824528
34,85,82.66675234244609
34,86,24.276802054579832
34,87,61.812816832897155
34,90,249.49975000025051
34,94,249.49975000025051
34,95,124.37487587788189
34,96,249.49975000025051
34,99,40.95913485584847
34,101,249.49975000025051
34,102,124.37487587788189
34,104,249.49975000025051
34,106,82.66675234244609
34,107,249.49975000025051
34,109,49.30055683824528
34,110,124.37487587788189
34,113,249.49975000025051
34,114,249.49975000025051
34,117,61.812816832897155
34,118,61.812816832897155
34,119,249.49975000025051
34,120,124.37487587788189
34,121,124.37487587788189
34,123,249.49975000025051
34,124,40.95913485584847
34,129,40.95913485584847
34,130,249.49975000025051
34,131,249.49975000025051
34,137,249.49975000025051
34,140,124.37487587788189
34,143,124.37487587788189
34,144,249.49975000025051
34,146,249.49975000025051
34,148,124.37487587788189
34,150,61.812816832897155
34,154,82.66675234244609
34,156,249.49975000025051
34,160,249.49975000025051
34,161,30.53254867770997
34,164,61.812816832897155
34,170,249.49975000025051
42,45,30.440398870029217
42,46,124.37487587788189
42,48,20.00513434649312
42,49,124.37487587788189
42,50,61.750756021060155
42,51,124.37487587788189
42,52,61.750756021060155
42,53,61.750756021060155
42,55,124.37487587788189
42,56,61.750756021060155
42,63,61.750756021060155
42,64,124.37487587788189
42,65,124.37487587788189
42,67,20.00513434649312
42,69,40.87680543299906
42,72,61.750756021060155
42,73,61.750756021060155
42,74,61.750756021060155
42,75,61.750756021060155
42,81,124.37487587788189
42,82,124.37487587788189
42,84,24.17901128890948
42,85,40.87680543299906
42,87,30.440398870029217
42,90,124.37487587788189
42,94,124.37487587788189
42,95,61.750756021060155
42,96,124.37487587788189
42,99,20.00513434649312
42,101,124.37487587788189
42,102,61.750756021060155
42,104,124.37487587788189
42,106,40.87680543299906
42,107,124.37487587788189
42,109,24.17901128890948
42,110,61.750756021060155
42,113,124.37487587788189
42,114,124.37487587788189
42,117,30.440398870029217
42,118,30.440398870029217
42,119,124.37487587788189
42,120,61.750756021060155
42,121,61.750756021060155
42,123,124.37487587788189
42,124,20.00513434649312
42,129,20.00513434649312
42,130,124.37487587788189
42,131,124.37487587788189
42,137,124.37487587788189
42,140,61.750756021060155
42,143,61.750756021060155
42,144,124.37487587788189
42,146,124.37487587788189
42,148,61.750756021060155
42,150,30.440398870029217
42,154,40.87680543299906
42,156,124.37487587788189
42,160,124.37487587788189
42,164,30.440398870029217
42,170,124.37487587788189
45,46,61.812816832897155
45,49,61.812816832897155
45,50,30.440398870029217
45,51,61.812816832897155
45,52,30.440398870029217
45,53,30.440398870029217
45,55,61.812816832897155
45,56,30.440398870029217
45,63,30.440398870029217
45,64,61.812816832897155
45,65,61.812816832897155
45,72,30.440398870029217
45,73,30.440398870029217
45,74,30.440398870029217
45,75,30.440398870029217
45,81,61.812816832897155
45,82,61.812816832897155
45,90,61.812816832897155
45,94,61.812816832897155
45,95,30.440398870029217
45,96,61.812816832897155
45,101,61.812816832897155
45,102,30.440398870029217
45,104,61.812816832897155
45,107,61.812816832897155
45,110,30.440398870029217
45,113,61.812816832897155
45,114,61.812816832897155
45,119,61.812816832897155
45,120,30.440398870029217
45,121,30.440398870029217
45,123,61.812816832897155
45,130,61.812816832897155
45,131,61.812816832897155
45,137,61.812816832897155
45,140,30.440398870029217
45,143,30.440398870029217
45,144,61.812816832897155
45,146,61.812816832897155
45,148,30.440398870029217
45,156,61.812816832897155
45,160,61.812816832897155
45,170,61.812816832897155
46,48,40.95913485584847
46,49,249.49975000025051
46,50,124.37487587788189
46,51,249.49975000025051
46,52,124.37487587788189
46,53,124.37487587788189
46,55,249.49975000025051
46,56,124.37487587788189
46,61,35.00104909973994
46,63,124.37487587788189
46,64,249.49975000025051
46,65,249.49975000025051
46,67,40.95913485584847
46,69,82.66675234244609
46,71,30.53254867770997
46,72,124.37487587788189
46,73,124.37487587788189
46,74,124.37487587788189
46,75,124.37487587788189
46,81,249.49975000025051
46,82,249.49975000025051
46,84,49.30055683824528
46,85,82.66675234244609
46,86,24.276802054579832
46,87,61.812816832897155
46,90,249.49975000025051
46,94,249.49975000025051
46,95,124.37487587788189
46,96,249.49975000025051
46,99,40.95913485584847
46,101,249.49975000025051
46,102,124.37487587788189
46,104,249.49975000025051
46,106,82.66675234244609
46,107,249.49975000025051
46,109,49.30055683824528
46,110,124.37487587788189
46,113,249.49975000025051
46,114,249.49975000025051
46,117,61.812816832897155
46,118,61.812816832897155
46,119,249.49975000025051
46,120,124.37487587788189
46,121,124.37487587788189
46,123,249.49975000025051
46,124,40.95913485584847
46,129,40.95913485584847
46,130,249.49975000025051
46,131,249.49975000025051
46,137,249.49975000025051
46,140,124.37487587788189
46,143,124.37487587788189
46,144,249.49975000025051
46,146,249.49975000025051
46,148,124.37487587788189
46,150,61.812816832897155
46,154,82.66675234244609
46,156,249.49975000025051
46,160,249.49975000025051
46,161,30.53254867770997
46,164,61.812816832897155
46,170,249.49975000025051
48,49,40.95913485584847
48,50,20.00513434649312
48,51,40.95913485584847
48,52,20.00513434649312
48,53,20.00513434649312
48,55,40.95913485584847
48,56,20.00513434649312
48,63,20.00513434649312
48,64,40.95913485584847
48,65,40.95913485584847
48,72,20.00513434649312
48,73,20.00513434649312
48,74,20.00513434649312
48,75,20.00513434649312
48,81,40.95913485584847
48,82,40.95913485584847
48,90,40.95913485584847
48,94,40.95913485584847
48,95,20.00513434649312
48,96,40.95913485584847
48,101,40.95913485584847
48,102,20.00513434649312
48,104,40.95913485584847
48,107,40.95913485584847
48,110,20.00513434649312
48,113,40.95913485584847
48,114,40.95913485584847
48,119,40.95913485584847
48,120,20.00513434649312
48,121,20.00513434649312
48,123,40.95913485584847
48,130,40.95913485584847
48,131,40.95913485584847
48,137,40.95913485584847
48,140,20.00513434649312
48,143,20.00513434649312
48,144,40.95913485584847
48,146,40.95913485584847
48,148,20.00513434649312
48,156,40.95913485584847
48,160,40.95913485584847
48,170,40.95913485584847
49,50,124.37487587788189
49,51,249.49975000025051
49,52,124.37487587788189
49,53,124.37487587788189
49,55,249.49975000025051
49,56,124.37487587788189
49,61,35.00104909973994
49,63,124.37487587788189
49,64,249.49975000025051
49,65,249.49975000025051
49,67,40.95913485584847
49,69,82.66675234244609
49,71,30.53254867770997
49,72,124.37487587788189
49,73,124.37487587788189
49,74,124.37487587788189
49,75,124.37487587788189
49,81,249.49975000025051
49,82,249.49975000025051
49,84,49.30055683824528
49,85,82.66675234244609
49,86,24.276802054579832
49,87,61.812816832897155
49,90,249.49975000025051
49,94,249.49975000025051
49,95,124.37487587788189
49,96,249.49975000025051
49,99,40.95913485584847
49,101,249.49975000025051
49,102,124.37487587788189
49,104,249.49975000025051
49,106,82.66675234244609
49,107,249.49975000025051
49,109,49.30055683824528
49,110,124.37487587788189
49,113,249.49975000025051
49,114,249.49975000025051
49,117,61.812816832897155
49,118,61.812816832897155
49,119,249.49975000025051
49,120,124.37487587788189
49,121,124.37487587788189
49,123,249.49975000025051
49,124,40.95913485584847
49,129,40.95913485584847
49,130,249.49975000025051
49,131,249.49975000025051
49,137,249.49975000025051
49,140,124.37487587788189
49,143,124.37487587788189
49,144,249.49975000025051
49,146,249.49975000025051
49,148,124.37487587788189
49,150,61.812816832897155
49,154,82.66675234244609
49,156,249.49975000025051
49,160,249.49975000025051
49,161,30.53254867770997
49,164,61.812816832897155
49,170,249.49975000025051
50,51,124.37487587788189
50,52,61.750756021060155
50,53,61.750756021060155
50,55,124.37487587788189
50,56,61.750756021060155
50,63,61.750756021060155
50,64,124.37487587788189
50,65,124.37487587788189
50,67,20.00513434649312
50,69,40.87680543299906
50,72,61.750756021060155
50,73,61.750756021060155
50,74,61.750756021060155
50,75,61.750756021060155
50,81,124.37487587788189
50,82,124.37487587788189
50,84,24.17901128890948
50,85,40.87680543299906
50,87,30.440398870029217
50,90,124.37487587788189
50,94,124.37487587788189
50,95,61.750756021060155
50,96,124.37487587788189
50,99,20.00513434649312
50,101,124.37487587788189
50,102,61.750756021060155
50,104,124.37487587788189
50,106,40.87680543299906
50,107,124.37487587788189
50,109,24.17901128890948
50,110,61.750756021060155
50,113,124.37487587788189
50,114,124.37487587788189
50,117,30.440398870029217
50,118,30.440398870029217
50,119,124.37487587788189
50,120,61.750756021060155
50,121,61.750756021060155
50,123,124.37487587788189
50,124,20.00513434649312
50,129,20.00513434649312
50,130,124.37487587788189
50,131,124.37487587788189
50,137,124.37487587788189
50,140,61.750756021060155
50,143,61.750756021060155
50,144,124.37487587788189
50,146,124.37487587788189
50,148,61.750756021060155
50,150,30.440398870029217
50,154,40.87680543299906
50,156,124.37487587788189
50,160,124.37487587788189
50,164,30.440398870029217
50,170,124.37487587788189
51,52,124.37487587788189
51,53,124.37487587788189
51,55,249.49975000025051
51,56,124.37487587788189
51,61,35.00104909973994
51,63,124.37487587788189
51,64,249.49975000025051
51,65,249.49975000025051
51,67,40.95913485584847
51,69,82.66675234244609
51,71,30.53254867770997
51,72,124.37487587788189
51,73,124.37487587788189
51,74,124.37487587788189
51,75,124.37487587788189
51,81,249.49975000025051
51,82,249.49975000025051
51,84,49.30055683824528
51,85,82.66675234244609
51,86,24.276802054579832
51,87,61.812816832897155
51,90,249.49975000025051
51,94,249.49975000025051
51,95,124.37487587788189
51,96,249.49975000025051
51,99,40.95913485584847
51,101,249.49975000025051
51,102,124.37487587788189
51,104,249.49975000025051
51,106,82.66675234244609
51,107,249.49975000025051
51,109,49.30055683824528
51,110,124.37487587788189
51,113,249.49975000025051
51,114,249.49975000025051
51,117,61.812816832897155
51,118,61.812816832897155
51,119,249.49975000025051
51,120,124.37487587788189
51,121,124.37487587788189
51,123,249.49975000025051
51,124,40.95913485584847
51,129,40.95913485584847
51,130,249.49975000025051
51,131,249.49975000025051
51,137,249.49975000025051
51,140,124.37487587788189
51,143,124.37487587788189
51,144,249.49975000025051
51,146,249.49975000025051
51,148,124.37487587788189
51,150,61.812816832897155
51,154,82.66675234244609
51,156,249.49975000025051
51,160,249.49975000025051
51,161,30.53254867770997
51,164,61.812816832897155
51,170,249.49975000025051
52,53,61.750756021060155
52,55,124.37487587788189
52,56,61.750756021060155
52,63,61.750756021060155
52,64,124.37487587788189
52,65,124.37487587788189
52,67,20.00513434649312
52,69,40.87680543299906
52,72,61.750756021060155
52,73,61.750756021060155
52,74,61.750756021060155
52,75,61.750756021060155
52,81,124.37487587788189
52,82,124.37487587788189
52,84,24.17901128890948
52,85,40.87680543299906
52,87,30.440398870029217
52,90,124.37487587788189
52,94,124.37487587788189
52,95,61.750756021060155
52,96,124.37487587788189
52,99,20.00513434649312
52,101,124.37487587788189
52,102,61.750756021060155
52,104,124.37487587788189
52,106,40.87680543299906
52,107,124.37487587788189
52,109,24.17901128890948
52,110,61.750756021060155
52,113,124.37487587788189
52,114,124.37487587788189
52,117,30.440398870029217
52,118,30.440398870029217
52,119,124.37487587788189
52,120,61.750756021060155
52,121,61.750756021060155
52,123,124.37487587788189
52,124,20.00513434649312
52,129,20.00513434649312
52,130,124.37487587788189
52,131,124.37487587788189
52,137,124.37487587788189
52,140,61.750756021060155
52,143,61.750756021060155
52,144,124.37487587788189
52,146,124.37487587788189
52,148,61.750756021060155
52,150,30.440398870029217
52,154,40.87680543299906
52,156,124.37487587788189
52,160,124.37487587788189
52,164,30.440398870029217
52,170,124.37487587788189
53,55,124.37487587788189
53,56,61.750756021060155
53,63,61.750756021060155
53,64,124.37487587788189
53,65,124.37487587788189
53,67,20.00513434649312
53,69,40.87680543299906
53,72,61.750756021060155
53,73,61.750756021060155
53,74,61.750756021060155
53,75,61.750756021060155
53,81,124.37487587788189
53,82,124.37487587788189
53,84,24.17901128890948
53,85,40.87680543299906
53,87,30.440398870029217
53,90,124.37487587788189
53,94,124.37487587788189
53,95,61.750756021060155
53,96,124.37487587788189
53,99,20.00513434649312
53,101,124.37487587788189
53,102,61.750756021060155
53,104,124.37487587788189
53,106,40.87680543299906
53,107,124.37487587788189
53,109,24.17901128890948
53,110,61.750756021060155
53,113,124.37487587788189
53,114,124.37487587788189
53,117,30.440398870029217
53,118,30.440398870029217
53,119,124.37487587788189
53,120,61.750756021060155
53,121,61.750756021060155
53,123,124.37487587788189
53,124,20.00513434649312
53,129,20.00513434649312
53,130,124.37487587788189
53,131,124.37487587788189
53,137,124.37487587788189
53,140,61.750756021060155
53,143,61.750756021060155
53,144,124.37487587788189
53,146,124.37487587788189
53,148,61.750756021060155
53,150,30.440398870029217
53,154,40.87680543299906
53,156,124.37487587788189
53,160,124.37487587788189
53,164,30.440398870029217
53,170,124.37487587788189
55,56,124.37487587788189
55,61,35.00104909973994
55,63,124.37487587788189
55,64,249.49975000025051
55,65,249.49975000025051
55,67,40.95913485584847
55,69,82.66675234244609
55,71,30.53254867770997
55,72,124.37487587788189
55,73,124.37487587788189
55,74,124.37487587788189
55,75,124.37487587788189
55,81,249.49975000025051
55,82,249.49975000025051
55,84,49.30055683824528
55,85,82.66675234244609
55,86,24.276802054579832
55,87,61.812816832897155
55,90,249.49975000025051
55,94,249.49975000025051
55,95,124.37487587788189
55,96,249.49975000025051
55,99,40.95913485584847
55,101,249.49975000025051
55,102,124.37487587788189
55,104,249.49975000025051
55,106,82.66675234244609
55,107,249.49975000025051
55,109,49.30055683824528
55,110,124.37487587788189
55,113,249.49975000025051
55,114,249.49975000025051
55,117,61.812816832897155
55,118,61.812816832897155
55,119,249.49975000025051
55,120,124.37487587788189
55,121,124.37487587788189
55,123,249.49975000025051
55,124,40.95913485584847
55,129,40.95913485584847
55,130,249.49975000025051
55,131,249.49975000025051
55,137,249.49975000025051
55,140,124.37487587788189
55,143,124.37487587788189
55,144,249.49975000025051
55,146,249.49975000025051
55,148,124.37487587788189
55,150,61.812816832897155
55,154,82.66675234244609
55,156,249.49975000025051
55,160,249.49975000025051
55,161,30.53254867770997
55,164,61.812816832897155
55,170,249.49975000025051
56,63,61.750756021060155
56,64,124.37487587788189
56,65,124.37487587788189
56,67,20.00513434649312
56,69,40.87680543299906
56,72,61.750756021060155
56,73,61.750756021060155
56,74,61.750756021060155
56,75,61.750756021060155
56,81,124.37487587788189
56,82,124.37487587788189
56,84,24.17901128890948
56,85,40.87680543299906
56,87,30.440398870029217
56,90,124.37487587788189
56,94,124.37487587788189
56,95,61.750756021060155
56,96,124.37487587788189
56,99,20.00513434649312
56,101,124.37487587788189
56,102,61.750756021060155
56,104,124.37487587788189
56,106,40.87680543299906
56,107,124.37487587788189
56,109,24.17901128890948
56,110,61.750756021060155
56,113,124.37487587788189
56,114,124.37487587788189
56,117,30.440398870029217
56,118,30.440398870029217
56,119,124.37487587788189
56,120,61.750756021060155
56,121,61.750756021060155
56,123,124.37487587788189
56,124,20.00513434649312
56,129,20.00513434649312
56,130,124.37487587788189
56,131,124.37487587788189
56,137,124.37487587788189
56,140,61.750756021060155
56,143,61.750756021060155
56,144,124.37487587788189
56,146,124.37487587788189
56,148,61.750756021060155
56,150,30.440398870029217
56,154,40.87680543299906
56,156,124.37487587788189
56,160,124.37487587788189
56,164,30.440398870029217
56,170,124.37487587788189
61,64,35.00104909973994
61,65,35.00104909973994
61,81,35.00104909973994
61,82,35.00104909973994
61,90,35.00104909973994
61,94,35.00104909973994
61,96,35.00104909973994
61,101,35.00104909973994
61,104,35.00104909973994
61,107,35.00104909973994
61,113,35.00104909973994
61,114,35.00104909973994
61,119,35.00104909973994
61,123,35.00104909973994
61,130,35.00104909973994
61,131,35.00104909973994
61,137,35.00104909973994
61,144,35.00104909973994
61,146,35.00104909973994
61,156,35.00104909973994
61,160,35.00104909973994
61,170,35.00104909973994
63,64,124.37487587788189
63,65,124.37487587788189
63,67,20.00513434649312
63,69,40.87680543299906
63,72,61.750756021060155
63,73,61.750756021060155
63,74,61.750756021060155
63,75,61.750756021060155
63,81,124.37487587788189
63,82,124.37487587788189
63,84,24.17901128890948
63,85,40.87680543299906
63,87,30.440398870029217
63,90,124.37487587788189
63,94,124.37487587788189
63,95,61.750756021060155
63,96,124.37487587788189
63,99,20.00513434649312
63,101,124.37487587788189
63,102,61.750756021060155
63,104,124.37487587788189
63,106,40.87680543299906
63,107,124.37487587788189
63,109,24.17901128890948
63,110,61.750756021060155
63,113,124.37487587788189
63,114,124.37487587788189
63,117,30.440398870029217
63,118,30.440398870029217
63,119,124.37487587788189
63,120,61.750756021060155
63,121,61.750756021060155
63,123,124.37487587788189
63,124,20.00513434649312
63,129,20.00513434649312
63,130,124.37487587788189
63,131,124.37487587788189
63,137,124.37487587788189
63,140,61.750756021060155
63,143,61.750756021060155
63,144,124.37487587788189
63,146,124.37487587788189
63,148,61.750756021060155
63,150,30.440398870029217
63,154,40.87680543299906
63,156,124.37487587788189
63,160,124.37487587788189
63,164,30.440398870029217
63,170,124.37487587788189
64,65,249.49975000025051
64,67,40.95913485584847
64,69,82.66675234244609
64,71,30.53254867770997
64,72,124.37487587788189
64,73,124.37487587788189
64,74,124.37487587788189
64,75,124.37487587788189
64,81,249.49975000025051
64,82,249.49975000025051
64,84,49.30055683824528
64,85,82.66675234244609
64,86,24.276802054579832
64,87,61.812816832897155
64,90,249.49975000025051
64,94,249.49975000025051
64,95,124.37487587788189
64,96,249.49975000025051
64,99,40.95913485584847
64,101,249.49975000025051
64,102,124.37487587788189
64,104,249.49975000025051
64,106,82.66675234244609
64,107,249.49975000025051
64,109,49.30055683824528
64,110,124.37487587788189
64,113,249.49975000025051
64,114,249.49975000025051
64,117,61.812816832897155
64,118,61.812816832897155
64,119,249.49975000025051
64,120,124.37487587788189
64,121,124.37487587788189
64,123,249.49975000025051
64,124,40.95913485584847
64,129,40.95913485584847
64,130,249.49975000025051
64,131,249.49975000025051
64,137,249.49975000025051
64,140,124.37487587788189
64,143,124.37487587788189
64,144,249.49975000025051
64,146,249.49975000025051
64,148,124.37487587788189
64,150,61.812816832897155
64,154,82.66675234244609
64,156,249.49975000025051
64,160,249.49975000025051
64,161,30.53254867770997
64,164,61.812816832897155
64,170,249.49975000025051
65,67,40.95913485584847
65,69,82.66675234244609
65,71,30.53254867770997
65,72,124.37487587788189
65,73,124.37487587788189
65,74,124.37487587788189
65,75,124.37487587788189
65,81,249.49975000025051
65,82,249.49975000025051
65,84,49.30055683824528
65,85,82.66675234244609
65,86,24.276802054579832
65,87,61.812816832897155
65,90,249.49975000025051
65,94,249.49975000025051
65,95,124.37487587788189
65,96,249.49975000025051
65,99,40.95913485584847
65,101,249.49975000025051
65,102,124.37487587788189
65,104,249.49975000025051
65,106,82.66675234244609
65,107,249.49975000025051
65,109,49.30055683824528
65,110,124.37487587788189
65,113,249.49975000025051
65,114,249.49975000025051
65,117,61.812816832897155
65,118,61.812816832897155
65,119,249.49975000025051
65,120,124.37487587788189
65,121,124.37487587788189
65,123,249.49975000025051
65,124,40.95913485584847
65,129,40.95913485584847
65,130,249.49975000025051
65,131,249.49975000025051
65,137,249.49975000025051
65,140,124.37487587788189
65,143,124.37487587788189
65,144,249.49975000025051
65,146,249.49975000025051
65,148,124.37487587788189
65,150,61.812816832897155
65,154,82.66675234244609
65,156,249.49975000025051
65,160,249.49975000025051
65,161,30.53254867770997
65,164,61.812816832897155
65,170,249.49975000025051
67,72,20.00513434649312
67,73,20.00513434649312
67,74,20.00513434649312
67,75,20.00513434649312
67,81,40.95913485584847
67,82,40.95913485584847
67,90,40.95913485584847
67,94,40.95913485584847
67,95,20.00513434649312
67,96,40.95913485584847
67,101,40.95913485584847
67,102,20.00513434649312
67,104,40.95913485584847
67,107,40.95913485584847
67,110,20.00513434649312
67,113,40.95913485584847
67,114,40.95913485584847
67,119,40.95913485584847
67,120,20.00513434649312
67,121,20.00513434649312
67,123,40.95913485584847
67,130,40.95913485584847
67,131,40.95913485584847
67,137,40.95913485584847
67,140,20.00513434649312
67,143,20.00513434649312
67,144,40.95913485584847
67,146,40.95913485584847
67,148,20.00513434649312
67,156,40.95913485584847
67,160,40.95913485584847
67,170,40.95913485584847
69,72,40.87680543299906
69,73,40.87680543299906
69,74,40.87680543299906
69,75,40.87680543299906
69,81,82.66675234244609
69,82,82.66675234244609
69,85,26.94822459130428
69,90,82.66675234244609
69,94,82.66675234244609
69,95,40.87680543299906
69,96,82.66675234244609
69,101,82.66675234244609
69,102,40.87680543299906
69,104,82.66675234244609
69,106,26.94822459130428
69,107,82.66675234244609
69,110,40.87680543299906
69,113,82.66675234244609
69,114,82.66675234244609
69,119,82.66675234244609
69,120,40.87680543299906
69,121,40.87680543299906
69,123,82.66675234244609
69,130,82.66675234244609
69,131,82.66675234244609
69,137,82.66675234244609
69,140,40.87680543299906
69,143,40.87680543299906
69,144,82.66675234244609
69,146,82.66675234244609
69,148,40.87680543299906
69,154,26.94822459130428
69,156,82.66675234244609
69,160,82.66675234244609
69,170,82.66675234244609
71,81,30.53254867770997
71,82,30.53254867770997
71,90,30.53254867770997
71,94,30.53254867770997
71,96,30.53254867770997
71,101,30.53254867770997
71,104,30.53254867770997
71,107,30.53254867770997
71,113,30.53254867770997
71,114,30.53254867770997
71,119,30.53254867770997
71,123,30.53254867770997
71,130,30.53254867770997
71,131,30.53254867770997
71,137,30.53254867770997
71,144,30.53254867770997
71,146,30.53254867770997
71,156,30.53254867770997
71,160,30.53254867770997
71,170,30.53254867770997
72,73,61.750756021060155
72,74,61.750756021060155
72,75,61.750756021060155
72,81,124.37487587788189
72,82,124.37487587788189
72,84,24.17901128890948
72,85,40.87680543299906
72,87,30.440398870029217
72,90,124.37487587788189
72,94,124.37487587788189
72,95,61.750756021060155
72,96,124.37487587788189
72,99,20.00513434649312
72,101,124.37487587788189
72,102,61.750756021060155
72,104,124.37487587788189
72,106,40.87680543299906
72,107,124.37487587788189
72,109,24.17901128890948
72,110,61.750756021060155
72,113,124.37487587788189
72,114,124.37487587788189
72,117,30.440398870029217
72,118,30.440398870029217
72,119,124.37487587788189
72,120,61.750756021060155
72,121,61.750756021060155
72,123,124.37487587788189
72,124,20.00513434649312
72,129,20.00513434649312
72,130,124.37487587788189
72,131,124.37487587788189
72,137,124.37487587788189
72,140,61.750756021060155
72,143,61.750756021060155
72,144,124.37487587788189
72,146,124.37487587788189
72,148,61.750756021060155
72,150,30.440398870029217
72,154,40.87680543299906
72,156,124.37487587788189
72,160,124.37487587788189
72,164,30.440398870029217
72,170,124.37487587788189
73,74,61.750756021060155
73,75,61.750756021060155
73,81,124.37487587788189
73,82,124.37487587788189
73,84,24.17901128890948
73,85,40.87680543299906
73,87,30.440398870029217
73,90,124.37487587788189
73,94,124.37487587788189
73,95,61.750756021060155
73,96,124.37487587788189
73,99,20.00513434649312
73,101,124.37487587788189
73,102,61.750756021060155
73,104,124.37487587788189
73,106,40.87680543299906
73,107,124.37487587788189
73,109,24.17901128890948
73,110,61.750756021060155
73,113,124.37487587788189
73,114,124.37487587788189
73,117,30.440398870029217
73,118,30.440398870029217
73,119,124.37487587788189
73,120,61.750756021060155
73,121,61.750756021060155
73,123,124.37487587788189
73,124,20.00513434649312
73,129,20.00513434649312
73,130,124.37487587788189
73,131,124.37487587788189
73,137,124.37487587788189
73,140,61.750756021060155
73,143,61.750756021060155
73,144,124.37487587788189
73,146,124.37487587788189
73,148,61.750756021060155
73,150,30.440398870029217
73,154,40.87680543299906
73,156,124.37487587788189
73,160,124.37487587788189
73,164,30.440398870029217
73,170,124.37487587788189
74,75,61.750756021060155
74,81,124.37487587788189
74,82,124.37487587788189
74,84,24.17901128890948
74,85,40.87680543299906
74,87,30.440398870029217
74,90,124.37487587788189
74,94,124.37487587788189
74,95,61.750756021060155
74,96,124.37487587788189
74,99,20.00513434649312
74,101,124.37487587788189
74,102,61.750756021060155
74,104,124.37487587788189
74,106,40.87680543299906
74,107,124.37487587788189
74,109,24.17901128890948
74,110,61.750756021060155
74,113,124.37487587788189
74,114,124.37487587788189
74,117,30.440398870029217
74,118,30.440398870029217
74,119,124.37487587788189
74,120,61.750756021060155
74,121,61.750756021060155
74,123,124.37487587788189
74,124,20.00513434649312
74,129,20.00513434649312
74,130,124.37487587788189
74,131,124.37487587788189
74,137,124.37487587788189
74,140,61.750756021060155
74,143,61.750756021060155
74,144,124.37487587788189
74,146,124.37487587788189
74,148,61.750756021060155
74,150,30.440398870029217
74,154,40.87680543299906
74,156,124.37487587788189
74,160,124.37487587788189
74,164,30.440398870029217
74,170,124.37487587788189
75,81,124.37487587788189
75,82,124.37487587788189
75,84,24.17901128890948
75,85,40.87680543299906
75,87,30.440398870029217
75,90,124.37487587788189
75,93,20.231003133149084
75,94,124.37487587788189
75,95,61.750756021060155
75,96,124.37487587788189
75,99,20.00513434649312
75,101,124.37487587788189
75,102,61.750756021060155
75,104,124.37487587788189
75,106,40.87680543299906
75,107,124.37487587788189
75,109,24.17901128890948
75,110,61.750756021060155
75,113,124.37487587788189
75,114,124.37487587788189
75,117,30.440398870029217
75,118,30.440398870029217
75,119,124.37487587788189
75,120,61.750756021060155
75,121,61.750756021060155
75,123,124.37487587788189
75,124,20.00513434649312
75,129,20.00513434649312
75,130,124.37487587788189
75,131,124.37487587788189
75,137,124.37487587788189
75,140,61.750756021060155
75,143,61.750756021060155
75,144,124.37487587788189
75,146,124.37487587788189
75,148,61.750756021060155
75,150,30.440398870029217
75,154,40.87680543299906
75,156,124.37487587788189
75,160,124.37487587788189
75,164,30.440398870029217
75,170,124.37487587788189
81,82,249.49975000025051
81,84,49.30055683824528
81,85,82.66675234244609
81,86,24.276802054579832
81,87,61.812816832897155
81,90,249.49975000025051
81,94,249.49975000025051
81,95,124.37487587788189
81,96,249.49975000025051
81,99,40.95913485584847
81,101,249.49975000025051
81,102,124.37487587788189
81,104,249.49975000025051
81,106,82.66675234244609
81,107,249.49975000025051
81,109,49.30055683824528
81,110,124.37487587788189
81,113,249.49975000025051
81,114,249.49975000025051
81,117,61.812816832897155
81,118,61.812816832897155
81,119,249.49975000025051
81,120,124.37487587788189
81,121,124.37487587788189
81,123,249.49975000025051
81,124,40.95913485584847
81,129,40.95913485584847
81,130,249.49975000025051
81,131,249.49975000025051
81,137,249.49975000025051
81,140,124.37487587788189
81,143,124.37487587788189
81,144,249.49975000025051
81,146,249.49975000025051
81,148,124.37487587788189
81,150,61.812816832897155
81,154,82.66675234244609
81,156,249.49975000025051
81,160,249.49975000025051
81,161,30.53254867770997
81,164,61.812816832897155
81,170,249.49975000025051
82,84,49.30055683824528
82,85,82.66675234244609
82,86,24.276802054579832
82,87,61.812816832897155
82,90,249.49975000025051
82,94,249.49975000025051
82,95,124.37487587788189
82,96,249.49975000025051
82,99,40.95913485584847
82,101,249.49975000025051
82,102,124.37487587788189
82,104,249.49975000025051
82,106,82.66675234244609
82,107,249.49975000025051
82,109,49.30055683824528
82,110,124.37487587788189
82,113,249.49975000025051
82,114,249.49975000025051
82,117,61.812816832897155
82,118,61.812816832897155
82,119,249.49975000025051
82,120,124.37487587788189
82,121,124.37487587788189
82,123,249.49975000025051
82,124,40.95913485584847
82,129,40.95913485584847
82,130,249.49975000025051
82,131,249.49975000025051
82,137,249.49975000025051
82,140,124.37487587788189
82,143,124.37487587788189
82,144,249.49975000025051
82,146,249.49975000025051
82,148,124.37487587788189
82,150,61.812816832897155
82,154,82.66675234244609
82,156,249.49975000025051
82,160,249.49975000025051
82,161,30.53254867770997
82,164,61.812816832897155
82,170,249.49975000025051
84,90,49.30055683824528
84,94,49.30055683824528
84,95,24.17901128890948
84,96,49.30055683824528
84,101,49.30055683824528
84,102,24.17901128890948
84,104,49.30055683824528
84,107,49.30055683824528
84,110,24.17901128890948
84,113,49.30055683824528
84,114,49.30055683824528
84,119,49.30055683824528
84,120,24.17901128890948
84,121,24.17901128890948
84,123,49.30055683824528
84,130,49.30055683824528
84,131,49.30055683824528
84,137,49.30055683824528
84,140,24.17901128890948
84,143,24.17901128890948
84,144,49.30055683824528
84,146,49.30055683824528
84,148,24.17901128890948
84,156,49.30055683824528
84,160,49.30055683824528
84,170,49.30055683824528
85,90,82.66675234244609
85,94,82.66675234244609
85,95,40.87680543299906
85,96,82.66675234244609
85,101,82.66675234244609
85,102,40.87680543299906
85,104,82.66675234244609
85,106,26.94822459130428
85,107,82.66675234244609
85,110,40.87680543299906
85,113,82.66675234244609
85,114,82.66675234244609
85,119,82.66675234244609
85,120,40.87680543299906
85,121,40.87680543299906
85,123,82.66675234244609
85,130,82.66675234244609
85,131,82.66675234244609
85,137,82.66675234244609
85,140,40.87680543299906
85,143,40.87680543299906
85,144,82.66675234244609
85,146,82.66675234244609
85,148,40.87680543299906
85,154,26.94822459130428
85,156,82.66675234244609
85,160,82.66675234244609
85,170,82.66675234244609
86,90,24.276802054579832
86,94,24.276802054579832
86,96,24.276802054579832
86,101,24.276802054579832
86,104,24.276802054579832
86,107,24.276802054579832
86,113,24.276802054579832
86,114,24.276802054579832
86,119,24.276802054579832
86,123,24.276802054579832
86,130,24.276802054579832
86,131,24.276802054579832
86,137,24.276802054579832
86,144,24.276802054579832
86,146,24.276802054579832
86,156,24.276802054579832
86,160,24.276802054579832
86,170,24.276802054579832
87,90,61.812816832897155
87,94,61.812816832897155
87,95,30.440398870029217
87,96,61.812816832897155
87,101,61.812816832897155
87,102,30.440398870029217
87,104,61.812816832897155
87,107,61.812816832897155
87,110,30.440398870029217
87,113,61.812816832897155
87,114,61.812816832897155
87,119,61.812816832897155
87,120,30.440398870029217
87,121,30.440398870029217
87,123,61.812816832897155
87,130,61.812816832897155
87,131,61.812816832897155
87,137,61.812816832897155
87,140,30.440398870029217
87,143,30.440398870029217
87,144,61.812816832897155
87,146,61.812816832897155
87,148,30.440398870029217
87,156,61.812816832897155
87,160,61.812816832897155
87,170,61.812816832897155
90,94,249.49975000025051
90,95,124.37487587788189
90,96,249.49975000025051
90,99,40.95913485584847
90,101,249.49975000025051
90,102,124.37487587788189
90,104,249.49975000025051
90,106,82.66675234244609
90,107,249.49975000025051
90,109,49.30055683824528
90,110,124.37487587788189
90,113,249.49975000025051
90,114,249.49975000025051
90,117,61.812816832897155
90,118,61.812816832897155
90,119,249.49975000025051
90,120,124.37487587788189
90,121,124.37487587788189
90,123,249.49975000025051
90,124,40.95913485584847
90,129,40.95913485584847
90,130,249.49975000025051
90,131,249.49975000025051
90,137,249.49975000025051
90,140,124.37487587788189
90,143,124.37487587788189
90,144,249.49975000025051
90,146,249.49975000025051
90,148,124.37487587788189
90,150,61.812816832897155
90,154,82.66675234244609
90,156,249.49975000025051
90,160,249.49975000025051
90,161,30.53254867770997
90,164,61.812816832897155
90,170,249.49975000025051
94,95,124.37487587788189
94,96,249.49975000025051
94,99,40.95913485584847
94,101,249.49975000025051
94,102,124.37487587788189
94,104,249.49975000025051
94,106,82.66675234244609
94,107,249.49975000025051
94,109,49.30055683824528
94,110,124.37487587788189
94,113,249.49975000025051
94,114,249.49975000025051
94,117,61.812816832897155
94,118,61.812816832897155
94,119,249.49975000025051
94,120,124.37487587788189
94,121,124.37487587788189
94,123,249.49975000025051
94,124,40.95913485584847
94,129,40.95913485584847
94,130,249.49975000025051
94,131,249.49975000025051
94,137,249.49975000025051
94,140,124.37487587788189
94,143,124.37487587788189
94,144,249.49975000025051
94,146,249.49975000025051
94,148,124.37487587788189
94,150,61.812816832897155
94,154,82.66675234244609
94,156,249.49975000025051
94,160,249.49975000025051
94,161,30.53254867770997
94,164,61.812816832897155
94,170,249.49975000025051
95,96,124.37487587788189
95,99,20.00513434649312
95,101,124.37487587788189
95,102,61.750756021060155
95,104,124.37487587788189
95,106,40.87680543299906
95,107,124.37487587788189
95,109,24.17901128890948
95,110,61.750756021060155
95,113,124.37487587788189
95,114,124.37487587788189
95,117,30.440398870029217
95,118,30.440398870029217
95,119,124.37487587788189
95,120,61.750756021060155
95,121,61.750756021060155
95,123,124.37487587788189
95,124,20.00513434649312
95,129,20.00513434649312
95,130,124.37487587788189
95,131,124.37487587788189
95,137,124.37487587788189
95,140,61.750756021060155
95,143,61.750756021060155
95,144,124.37487587788189
95,146,124.37487587788189
95,148,61.750756021060155
95,150,30.440398870029217
95,154,40.87680543299906
95,156,124.37487587788189
95,160,124.37487587788189
95,164,30.440398870029217
95,170,124.37487587788189
96,99,40.95913485584847
96,101,249.49975000025051
96,102,124.37487587788189
96,104,249.49975000025051
96,106,82.66675234244609
96,107,249.49975000025051
96,109,49.30055683824528
96,110,124.37487587788189
96,113,249.49975000025051
96,114,249.49975000025051
96,117,61.812816832897155
96,118,61.812816832897155
96,119,249.49975000025051
96,120,124.37487587788189
96,121,124.37487587788189
96,123,249.49975000025051
96,124,40.95913485584847
96,129,40.95913485584847
96,130,249.49975000025051
96,131,249.49975000025051
96,137,249.49975000025051
96,140,124.37487587788189
96,143,124.37487587788189
96,144,249.49975000025051
96,146,249.49975000025051
96,148,124.37487587788189
96,150,61.812816832897155
96,154,82.66675234244609
96,156,249.49975000025051
96,160,249.49975000025051
96,161,30.53254867770997
96,164,61.812816832897155
96,170,249.49975000025051
99,101,40.95913485584847
99,102,20.00513434649312
99,104,40.95913485584847
99,107,40.95913485584847
99,110,20.00513434649312
99,113,40.95913485584847
99,114,40.95913485584847
99,119,40.95913485584847
99,120,20.00513434649312
99,121,20.00513434649312
99,123,40.95913485584847
99,130,40.95913485584847
99,131,40.95913485584847
99,137,40.95913485584847
99,140,20.00513434649312
99,143,20.00513434649312
99,144,40.95913485584847
99,146,40.95913485584847
99,148,20.00513434649312
99,156,40.95913485584847
99,160,40.95913485584847
99,170,40.95913485584847
101,102,124.37487587788189
101,104,249.49975000025051
101,106,82.66675234244609
101,107,249.49975000025051
101,109,49.30055683824528
101,110,124.37487587788189
101,113,249.49975000025051
101,114,249.49975000025051
101,117,61.812816832897155
101,118,61.812816832897155
101,119,249.49975000025051
101,120,124.37487587788189
101,121,124.37487587788189
101,123,249.49975000025051
101,124,40.95913485584847
101,129,40.95913485584847
101,130,249.49975000025051
101,131,249.49975000025051
101,137,249.49975000025051
101,140,124.37487587788189
101,143,124.37487587788189
101,144,249.49975000025051
101,146,249.49975000025051
101,148,124.37487587788189
101,150,61.812816832897155
101,154,82.66675234244609
101,156,249.49975000025051
101,160,249.49975000025051
101,161,30.53254867770997
101,164,61.812816832897155
101,170,249.49975000025051
102,104,124.37487587788189
102,106,40.87680543299906
102,107,124.37487587788189
102,109,24.17901128890948
102,110,61.750756021060155
102,113,124.37487587788189
102,114,124.37487587788189
102,117,30.440398870029217
102,118,30.440398870029217
102,119,124.37487587788189
102,120,61.750756021060155
102,121,61.750756021060155
102,123,124.37487587788189
102,124,20.00513434649312
102,129,20.00513434649312
102,130,124.37487587788189
102,131,124.37487587788189
102,137,124.37487587788189
102,140,61.750756021060155
102,143,61.750756021060155
102,144,124.37487587788189
102,146,124.37487587788189
102,148,61.750756021060155
102,150,30.440398870029217
102,154,40.87680543299906
102,156,124.37487587788189
102,160,124.37487587788189
102,164,30.440398870029217
102,170,124.37487587788189
104,106,82.66675234244609
104,107,249.49975000025051
104,109,49.30055683824528
104,110,124.37487587788189
104,113,249.49975000025051
104,114,249.49975000025051
104,117,61.812816832897155
104,118,61.812816832897155
104,119,249.49975000025051
104,120,124.37487587788189
104,121,124.37487587788189
104,123,249.49975000025051
104,124,40.95913485584847
104,129,40.95913485584847
104,130,249.49975000025051
104,131,249.49975000025051
104,137,249.49975000025051
104,140,124.37487587788189
104,143,124.37487587788189
104,144,249.49975000025051
104,146,249.49975000025051
104,148,124.37487587788189
104,150,61.812816832897155
104,154,82.66675234244609
104,156,249.49975000025051
104,160,249.49975000025051
104,161,30.53254867770997
104,164,61.812816832897155
104,170,249.49975000025051
106,107,82.66675234244609
106,110,40.87680543299906
106,113,82.66675234244609
106,114,82.66675234244609
106,119,82.66675234244609
106,120,40.87680543299906
106,121,40.87680543299906
106,123,82.66675234244609
106,130,82.66675234244609
106,131,82.66675234244609
106,137,82.66675234244609
106,140,40.87680543299906
106,143,40.87680543299906
106,144,82.66675234244609
106,146,82.66675234244609
106,148,40.87680543299906
106,154,26.94822459130428
106,156,82.66675234244609
106,160,82.66675234244609
106,170,82.66675234244609
107,109,49.30055683824528
107,110,124.37487587788189
107,113,249.49975000025051
107,114,249.49975000025051
107,117,61.812816832897155
107,118,61.812816832897155
107,119,249.49975000025051
107,120,124.37487587788189
107,121,124.37487587788189
107,123,249.49975000025051
107,124,40.95913485584847
107,129,40.95913485584847
107,130,249.49975000025051
107,131,249.49975000025051
107,137,249.49975000025051
107,140,124.37487587788189
107,143,124.37487587788189
107,144,249.49975000025051
107,146,249.49975000025051
107,148,124.37487587788189
107,150,61.812816832897155
107,154,82.66675234244609
107,156,249.49975000025051
107,160,249.49975000025051
107,161,30.53254867770997
107,164,61.812816832897155
107,170,249.49975000025051
109,110,24.17901128890948
109,113,49.30055683824528
109,114,49.30055683824528
109,119,49.30055683824528
109,120,24.17901128890948
109,121,24.17901128890948
109,123,49.30055683824528
109,130,49.30055683824528
109,131,49.30055683824528
109,137,49.30055683824528
109,140,24.17901128890948
109,143,24.17901128890948
109,144,49.30055683824528
109,146,49.30055683824528
109,148,24.17901128890948
109,156,49.30055683824528
109,160,49.30055683824528
109,170,49.30055683824528
110,113,124.37487587788189
110,114,124.37487587788189
110,117,30.440398870029217
110,118,30.440398870029217
110,119,124.37487587788189
110,120,61.750756021060155
110,121,61.750756021060155
110,123,124.37487587788189
110,124,20.00513434649312
110,129,20.00513434649312
110,130,124.37487587788189
110,131,124.37487587788189
110,137,124.37487587788189
110,140,61.750756021060155
110,143,61.750756021060155
110,144,124.37487587788189
110,146,124.37487587788189
110,148,61.750756021060155
110,150,30.440398870029217
110,154,40.87680543299906
110,156,124.37487587788189
110,160,124.37487587788189
110,164,30.440398870029217
110,170,124.37487587788189
113,114,249.49975000025051
113,117,61.812816832897155
113,118,61.812816832897155
113,119,249.49975000025051
113,120,124.37487587788189
113,121,124.37487587788189
113,123,249.49975000025051
113,124,40.95913485584847
113,129,40.95913485584847
113,130,249.49975000025051
113,131,249.49975000025051
113,137,249.49975000025051
113,140,124.37487587788189
113,143,124.37487587788189
113,144,249.49975000025051
113,146,249.49975000025051
113,148,124.37487587788189
113,150,61.812816832897155
113,154,82.66675234244609
113,156,249.49975000025051
113,160,249.49975000025051
113,161,30.53254867770997
113,164,61.812816832897155
113,170,249.49975000025051
114,117,61.812816832897155
114,118,61.812816832897155
114,119,249.49975000025051
114,120,124.37487587788189
114,121,124.37487587788189
114,123,249.49975000025051
114,124,40.95913485584847
114,129,40.95913485584847
114,130,249.49975000025051
114,131,249.49975000025051
114,137,249.49975000025051
114,140,124.37487587788189
114,143,124.37487587788189
114,144,249.49975000025051
114,146,249.49975000025051
114,148,124.37487587788189
114,150,61.812816832897155
114,154,82.66675234244609
114,156,249.49975000025051
114,160,249.49975000025051
114,161,30.53254867770997
114,164,61.812816832897155
114,170,249.49975000025051
117,119,61.812816832897155
117,120,30.440398870029217
117,121,30.440398870029217
117,123,61.812816832897155
117,130,61.812816832897155
117,131,61.812816832897155
117,137,61.812816832897155
117,140,30.440398870029217
117,143,30.440398870029217
117,144,61.812816832897155
117,146,61.812816832897155
117,148,30.440398870029217
117,156,61.812816832897155
117,160,61.812816832897155
117,170,61.812816832897155
118,119,61.812816832897155
118,120,30.440398870029217
118,121,30.440398870029217
118,123,61.812816832897155
118,130,61.812816832897155
118,131,61.812816832897155
118,137,61.812816832897155
118,140,30.440398870029217
118,143,30.440398870029217
118,144,61.812816832897155
118,146,61.812816832897155
118,148,30.440398870029217
118,156,61.812816832897155
118,160,61.812816832897155
118,170,61.812816832897155
119,120,124.37487587788189
119,121,124.37487587788189
119,123,249.49975000025051
119,124,40.95913485584847
119,129,40.95913485584847
119,130,249.49975000025051
119,131,249.49975000025051
119,137,249.49975000025051
119,140,124.37487587788189
119,143,124.37487587788189
119,144,249.49975000025051
119,146,249.49975000025051
119,148,124.37487587788189
119,150,61.812816832897155
119,154,82.66675234244609
119,156,249.49975000025051
119,160,249.49975000025051
119,161,30.53254867770997
119,164,61.812816832897155
119,170,249.49975000025051
120,121,61.750756021060155
120,123,124.37487587788189
120,124,20.00513434649312
120,129,20.00513434649312
120,130,124.37487587788189
120,131,124.37487587788189
120,137,124.37487587788189
120,140,61.750756021060155
120,143,61.750756021060155
120,144,124.37487587788189
120,146,124.37487587788189
120,148,61.750756021060155
120,150,30.440398870029217
120,154,40.87680543299906
120,156,124.37487587788189
120,160,124.37487587788189
120,164,30.440398870029217
120,170,124.37487587788189
121,123,124.37487587788189
121,124,20.00513434649312
121,129,20.00513434649312
121,130,124.37487587788189
121,131,124.37487587788189
121,137,124.37487587788189
121,140,61.750756021060155
121,143,61.750756021060155
121,144,124.37487587788189
121,146,124.37487587788189
121,148,61.750756021060155
121,150,30.440398870029217
121,154,40.87680543299906
121,156,124.37487587788189
121,160,124.37487587788189
121,164,30.440398870029217
121,170,124.37487587788189
123,124,40.95913485584847
123,129,40.95913485584847
123,130,249.49975000025051
123,131,249.49975000025051
123,137,249.49975000025051
123,140,124.37487587788189
123,143,124.37487587788189
123,144,249.49975000025051
123,146,249.49975000025051
123,148,124.37487587788189
123,150,61.812816832897155
123,154,82.66675234244609
123,156,249.49975000025051
123,160,249.49975000025051
123,161,30.53254867770997
123,164,61.812816832897155
123,170,249.49975000025051
124,130,40.95913485584847
124,131,40.95913485584847
124,137,40.95913485584847
124,140,20.00513434649312
124,143,20.00513434649312
124,144,40.95913485584847
124,146,40.95913485584847
124,148,20.00513434649312
124,156,40.95913485584847
124,160,40.95913485584847
124,170,40.95913485584847
129,130,40.95913485584847
129,131,40.95913485584847
129,137,40.95913485584847
129,140,20.00513434649312
129,143,20.00513434649312
129,144,40.95913485584847
129,146,40.95913485584847
129,148,20.00513434649312
129,156,40.95913485584847
129,160,40.95913485584847
129,170,40.95913485584847
130,131,249.49975000025051
130,137,249.49975000025051
130,140,124.37487587788189
130,143,124.37487587788189
130,144,249.49975000025051
130,146,249.49975000025051
130,148,124.37487587788189
130,150,61.812816832897155
130,154,82.66675234244609
130,156,249.49975000025051
130,160,249.49975000025051
130,161,30.53254867770997
130,164,61.812816832897155
130,170,249.49975000025051
131,137,249.49975000025051
131,140,124.37487587788189
131,143,124.37487587788189
131,144,249.49975000025051
131,146,249.49975000025051
131,148,124.37487587788189
131,150,61.812816832897155
131,154,82.66675234244609
131,156,249.49975000025051
131,160,249.49975000025051
131,161,30.53254867770997
131,164,61.812816832897155
131,170,249.49975000025051
137,140,124.37487587788189
137,143,124.37487587788189
137,144,249.49975000025051
137,146,249.49975000025051
137,148,124.37487587788189
137,150,61.812816832897155
137,154,82.66675234244609
137,156,249.49975000025051
137,160,249.49975000025051
137,161,30.53254867770997
137,164,61.812816832897155
137,170,249.49975000025051
140,143,61.750756021060155
140,144,124.37487587788189
140,146,124.37487587788189
140,148,61.750756021060155
140,150,30.440398870029217
140,154,40.87680543299906
140,156,124.37487587788189
140,160,124.37487587788189
140,164,30.440398870029217
140,170,124.37487587788189
143,144,124.37487587788189
143,146,124.37487587788189
143,148,61.750756021060155
143,150,30.440398870029217
143,154,40.87680543299906
143,156,124.37487587788189
143,160,124.37487587788189
143,164,30.440398870029217
143,170,124.37487587788189
144,146,249.49975000025051
144,148,124.37487587788189
144,150,61.812816832897155
144,154,82.66675234244609
144,156,249.49975000025051
144,160,249.49975000025051
144,161,30.53254867770997
144,164,61.812816832897155
144,170,249.49975000025051
146,148,124.37487587788189
146,150,61.812816832897155
146,154,82.66675234244609
146,156,249.49975000025051
146,160,249.49975000025051
146,161,30.53254867770997
146,164,61.812816832897155
146,170,249.49975000025051
148,150,30.440398870029217
148,154,40.87680543299906
148,156,124.37487587788189
148,160,124.37487587788189
148,164,30.440398870029217
148,170,124.37487587788189
150,156,61.812816832897155
150,160,61.812816832897155
150,170,61.812816832897155
154,156,82.66675234244609
154,160,82.66675234244609
154,170,82.66675234244609
156,160,249.49975000025051
156,161,30.53254867770997
156,164,61.812816832897155
156,170,249.49975000025051
160,161,30.53254867770997
160,164,61.812816832897155
160,170,249.49975000025051
161,170,30.53254867770997
164,170,61.812816832897155
